charger_id,station_id,charger_type,power_kw,connector_type,installation_date,status
1,1,AC,13.22,Type 2,2023-01-25,Active
2,1,AC,19.49,Type 2,2023-02-05,Offline
3,1,AC,20.21,Type 2,2023-01-09,Active
4,1,DC Fast,97.81,CHAdeMO,2023-01-24,Active
5,1,DC Fast,84.29,CCS,2023-01-11,Active
6,1,DC Fast,32.61,CHAdeMO,2023-02-27,Active
7,1,DC Fast,44.85,CHAdeMO,2022-10-11,Maintenance
8,1,DC Fast,111.62,CCS,2022-09-30,Active
9,2,DC Ultra-Fast,186.35,CCS,2022-08-01,Active
10,2,DC Fast,60.38,CHAdeMO,2022-07-06,Active
11,2,DC Fast,52.7,CCS,2022-08-24,Active
12,2,DC Fast,119.99,CHAdeMO,2022-06-22,Active
13,3,AC,7.47,Type 2,2021-03-31,Active
14,3,DC Fast,51.47,CHAdeMO,2021-07-29,Active
15,3,DC Ultra-Fast,243.01,CCS,2021-05-13,Active
16,3,DC Fast,97.31,CCS,2021-03-21,Offline
17,3,AC,7.39,Type 2,2021-07-05,Active
18,3,DC Ultra-Fast,229.33,CCS,2021-02-27,Active
19,3,DC Fast,51.86,CHAdeMO,2021-08-02,Active
20,3,AC,21.76,Type 2,2021-05-07,Active
21,4,DC Fast,75.54,CHAdeMO,2022-10-07,Active
22,4,DC Fast,39.5,CHAdeMO,2023-03-15,Active
23,4,DC Fast,43.77,CCS,2023-02-14,Offline
24,4,AC,19.12,Type 2,2023-01-31,Active
25,4,DC Fast,54.16,CCS,2022-10-26,Active
26,4,DC Fast,97.54,CHAdeMO,2022-12-29,Active
27,4,DC Ultra-Fast,186.37,CCS,2023-01-02,Active
28,4,AC,20.2,Type 2,2023-02-23,Active
29,5,AC,17.8,Type 2,2023-04-23,Active
30,5,DC Fast,88.13,CHAdeMO,2023-03-26,Active
31,5,AC,10.32,Type 2,2023-02-18,Active
32,5,DC Fast,79.81,CHAdeMO,2023-03-20,Maintenance
33,6,AC,17.54,Type 2,2021-10-19,Active
34,6,AC,9.89,Type 2,2021-12-17,Offline
35,6,DC Fast,47.24,CHAdeMO,2021-10-11,Active
36,6,DC Ultra-Fast,254.93,CCS,2021-08-27,Active
37,6,AC,12.41,Type 2,2021-08-05,Active
38,6,AC,7.68,Type 2,2021-12-21,Active
39,6,DC Ultra-Fast,277.57,CCS,2021-08-28,Active
40,7,AC,14.18,Type 2,2022-07-29,Offline
41,7,AC,19.93,Type 2,2022-06-28,Active
42,7,AC,16.44,Type 2,2022-07-20,Active
43,7,DC Fast,57.35,CCS,2022-07-12,Active
44,7,DC Fast,83.65,CCS,2022-10-23,Active
45,7,DC Ultra-Fast,209.47,CCS,2022-08-29,Active
46,7,AC,21.4,Type 2,2022-08-04,Active
47,8,DC Fast,44.14,CCS,2021-11-10,Active
48,8,AC,13.76,Type 2,2021-09-04,Active
49,8,AC,11.24,Type 2,2021-07-10,Active
50,8,DC Ultra-Fast,307.57,CCS,2021-10-08,Active
51,8,AC,9.23,Type 2,2021-07-28,Active
52,9,DC Fast,83.55,CHAdeMO,2021-08-28,Active
53,9,DC Fast,92.98,CHAdeMO,2021-09-13,Active
54,9,DC Fast,83.82,CHAdeMO,2021-07-29,Active
55,9,AC,10.43,Type 2,2021-10-27,Active
56,10,AC,18.34,Type 2,2022-12-01,Active
57,10,DC Ultra-Fast,186.3,CCS,2022-12-31,Active
58,10,DC Ultra-Fast,244.0,CCS,2022-10-15,Active
59,10,AC,9.41,Type 2,2023-01-15,Active
60,10,DC Fast,66.04,CCS,2022-11-15,Active
61,10,AC,8.74,Type 2,2022-11-30,Active
62,10,AC,20.04,Type 2,2022-11-04,Active
63,11,DC Fast,98.08,CHAdeMO,2022-04-05,Active
64,11,DC Fast,113.49,CHAdeMO,2022-09-17,Active
65,11,AC,16.45,Type 2,2022-05-02,Active
66,11,AC,13.12,Type 2,2022-04-21,Active
67,11,AC,19.48,Type 2,2022-06-05,Active
68,11,AC,19.52,Type 2,2022-05-24,Active
69,11,AC,9.86,Type 2,2022-04-09,Active
70,12,AC,18.82,Type 2,2022-09-19,Active
71,12,AC,15.8,Type 2,2022-10-27,Active
72,12,DC Fast,59.92,CHAdeMO,2023-01-13,Offline
73,12,DC Ultra-Fast,346.15,CCS,2023-02-12,Active
74,12,DC Ultra-Fast,232.16,CCS,2023-01-18,Active
75,12,DC Fast,64.75,CCS,2023-01-23,Offline
76,13,DC Fast,83.12,CCS,2022-04-21,Active
77,13,DC Ultra-Fast,153.07,CCS,2022-04-13,Active
78,13,DC Ultra-Fast,164.97,CCS,2022-03-26,Active
79,13,DC Fast,37.23,CHAdeMO,2022-06-20,Active
80,14,DC Ultra-Fast,275.36,CCS,2023-04-05,Active
81,14,AC,16.47,Type 2,2023-01-15,Active
82,14,DC Fast,38.86,CCS,2023-03-11,Active
83,14,AC,7.43,Type 2,2022-12-02,Active
84,14,DC Fast,43.1,CHAdeMO,2023-04-11,Active
85,14,AC,9.63,Type 2,2023-04-25,Active
86,15,DC Ultra-Fast,178.62,CCS,2023-02-06,Active
87,15,AC,7.14,Type 2,2022-11-08,Active
88,15,AC,13.63,Type 2,2023-01-24,Active
89,15,DC Ultra-Fast,288.06,CCS,2022-11-12,Active
90,15,DC Fast,73.49,CCS,2022-12-02,Active
91,15,DC Fast,119.34,CHAdeMO,2022-09-01,Maintenance
92,16,DC Fast,30.73,CCS,2023-03-17,Active
93,16,DC Fast,111.26,CCS,2023-03-17,Active
94,16,AC,9.85,Type 2,2023-04-04,Active
95,16,DC Fast,91.28,CCS,2023-03-22,Active
96,16,DC Fast,33.55,CHAdeMO,2022-10-21,Active
97,16,DC Fast,38.11,CHAdeMO,2023-01-04,Active
98,16,AC,8.98,Type 2,2023-02-25,Active
99,16,AC,9.47,Type 2,2022-12-27,Active
100,17,DC Fast,72.15,CCS,2021-05-14,Active
101,17,AC,17.14,Type 2,2021-08-28,Active
102,17,DC Fast,31.25,CCS,2021-08-02,Active
103,17,DC Fast,53.59,CHAdeMO,2021-09-18,Offline
104,17,AC,10.51,Type 2,2021-09-13,Active
105,18,AC,16.15,Type 2,2021-10-29,Active
106,18,DC Ultra-Fast,210.44,CCS,2021-06-18,Active
107,18,DC Ultra-Fast,210.87,CCS,2021-06-18,Active
108,18,DC Ultra-Fast,177.13,CCS,2021-08-22,Active
109,18,DC Fast,115.14,CHAdeMO,2021-10-17,Active
110,18,AC,13.22,Type 2,2021-09-22,Active
111,18,DC Ultra-Fast,205.95,CCS,2021-07-14,Active
112,19,DC Ultra-Fast,169.87,CCS,2023-04-04,Active
113,19,DC Fast,35.45,CHAdeMO,2023-01-03,Offline
114,19,DC Ultra-Fast,314.84,CCS,2023-05-04,Active
115,19,DC Fast,117.4,CCS,2023-02-09,Active
116,20,DC Fast,48.47,CCS,2023-03-11,Active
117,20,DC Ultra-Fast,215.71,CCS,2023-03-13,Active
118,20,DC Ultra-Fast,178.94,CCS,2023-02-27,Active
119,20,AC,16.92,Type 2,2022-11-14,Active
120,21,DC Fast,31.42,CHAdeMO,2021-12-21,Active
121,21,DC Fast,40.23,CCS,2022-04-08,Active
122,21,DC Fast,83.43,CHAdeMO,2022-04-15,Active
123,21,DC Fast,95.45,CHAdeMO,2022-04-04,Active
124,22,AC,14.18,Type 2,2022-04-12,Active
125,22,DC Fast,111.87,CCS,2022-01-13,Active
126,22,AC,8.89,Type 2,2022-03-31,Maintenance
127,23,AC,14.58,Type 2,2022-06-26,Active
128,23,AC,16.82,Type 2,2022-09-19,Active
129,23,AC,12.08,Type 2,2022-09-11,Active
130,23,AC,13.4,Type 2,2022-09-04,Offline
131,23,DC Fast,72.68,CCS,2022-06-22,Active
132,23,AC,18.08,Type 2,2022-10-21,Active
133,23,DC Ultra-Fast,262.34,CCS,2022-09-14,Active
134,24,DC Ultra-Fast,234.59,CCS,2021-04-15,Active
135,24,DC Fast,82.01,CCS,2021-03-12,Active
136,24,AC,8.62,Type 2,2021-03-02,Active
137,24,DC Fast,102.65,CCS,2021-07-06,Offline
138,24,DC Fast,54.07,CCS,2021-04-11,Active
139,24,AC,12.1,Type 2,2021-03-19,Active
140,24,DC Fast,66.07,CCS,2021-07-13,Maintenance
141,24,AC,14.96,Type 2,2021-05-19,Active
142,25,DC Fast,94.94,CCS,2021-04-04,Active
143,25,DC Fast,34.48,CCS,2021-05-30,Active
144,25,DC Fast,84.64,CHAdeMO,2021-05-30,Active
145,25,DC Fast,61.07,CCS,2021-06-02,Active
146,26,DC Fast,90.04,CCS,2022-09-12,Active
147,26,DC Fast,30.69,CHAdeMO,2022-09-10,Active
148,26,DC Fast,56.05,CCS,2022-07-19,Active
149,26,DC Fast,41.63,CCS,2022-11-23,Active
150,26,DC Fast,61.88,CHAdeMO,2022-07-28,Active
151,26,DC Fast,37.01,CHAdeMO,2022-12-12,Active
152,26,DC Fast,87.61,CHAdeMO,2022-08-16,Active
153,27,AC,21.21,Type 2,2021-09-09,Active
154,27,AC,19.67,Type 2,2021-07-06,Active
155,27,DC Fast,65.62,CHAdeMO,2021-06-11,Active
156,27,DC Fast,36.87,CCS,2021-07-30,Active
157,27,DC Ultra-Fast,219.88,CCS,2021-05-16,Active
158,28,AC,16.04,Type 2,2021-03-16,Offline
159,28,DC Fast,71.76,CHAdeMO,2021-07-23,Offline
160,28,DC Fast,87.18,CHAdeMO,2021-07-09,Active
161,28,DC Fast,72.2,CHAdeMO,2021-04-10,Active
162,28,DC Fast,36.68,CHAdeMO,2021-05-25,Active
163,29,DC Fast,36.91,CCS,2022-10-16,Active
164,29,DC Fast,82.23,CCS,2022-09-04,Active
165,29,DC Fast,46.94,CHAdeMO,2022-09-17,Active
166,29,AC,8.55,Type 2,2022-06-02,Active
167,29,AC,10.72,Type 2,2022-09-01,Active
168,30,AC,12.59,Type 2,2022-02-24,Active
169,30,AC,15.97,Type 2,2021-12-03,Active
170,30,DC Fast,64.79,CHAdeMO,2022-05-04,Offline
171,30,DC Fast,43.53,CCS,2022-04-15,Active
172,30,DC Ultra-Fast,212.05,CCS,2021-12-20,Active
173,30,DC Ultra-Fast,211.92,CCS,2022-04-30,Active
174,30,DC Fast,90.31,CCS,2022-05-01,Active
175,31,DC Fast,62.63,CCS,2021-07-24,Active
176,31,DC Fast,47.28,CCS,2021-07-09,Active
177,31,DC Fast,39.1,CCS,2021-11-16,Active
178,31,DC Fast,41.79,CHAdeMO,2021-07-09,Active
179,31,DC Fast,99.4,CCS,2021-09-20,Active
180,31,DC Fast,94.76,CHAdeMO,2021-11-03,Active
181,31,DC Fast,70.4,CCS,2021-08-18,Offline
182,32,DC Ultra-Fast,188.8,CCS,2022-09-24,Active
183,32,DC Fast,75.26,CHAdeMO,2022-07-09,Active
184,32,DC Fast,42.46,CHAdeMO,2022-06-11,Active
185,32,DC Ultra-Fast,260.91,CCS,2022-10-08,Active
186,32,AC,18.45,Type 2,2022-09-21,Active
187,32,AC,13.56,Type 2,2022-09-21,Active
188,33,DC Fast,65.68,CHAdeMO,2021-05-13,Active
189,33,AC,10.37,Type 2,2021-04-08,Active
190,33,DC Fast,101.22,CCS,2021-03-23,Active
191,34,DC Fast,42.49,CHAdeMO,2022-12-04,Active
192,34,DC Ultra-Fast,153.8,CCS,2022-09-19,Active
193,34,DC Fast,77.5,CCS,2022-10-24,Active
194,34,AC,10.58,Type 2,2022-08-28,Active
195,34,DC Ultra-Fast,269.35,CCS,2023-01-20,Active
196,34,AC,9.15,Type 2,2022-08-12,Active
197,35,DC Fast,46.86,CCS,2021-11-10,Maintenance
198,35,AC,14.89,Type 2,2021-10-06,Active
199,35,AC,12.8,Type 2,2021-09-01,Active
200,35,DC Fast,36.08,CCS,2021-12-14,Active
201,36,DC Fast,59.93,CCS,2021-08-12,Active
202,36,DC Fast,45.76,CHAdeMO,2021-11-08,Active
203,36,AC,9.02,Type 2,2021-05-23,Active
204,36,AC,9.99,Type 2,2021-08-02,Offline
205,36,DC Fast,119.02,CHAdeMO,2021-07-17,Active
206,36,DC Fast,55.75,CCS,2021-10-28,Active
207,36,AC,12.52,Type 2,2021-09-03,Active
208,37,AC,9.8,Type 2,2022-11-15,Offline
209,37,DC Fast,102.1,CHAdeMO,2022-09-02,Active
210,37,DC Ultra-Fast,186.09,CCS,2022-11-03,Active
211,37,AC,11.43,Type 2,2023-01-14,Active
212,37,AC,13.66,Type 2,2022-08-23,Active
213,37,DC Ultra-Fast,272.97,CCS,2022-10-22,Active
214,38,AC,16.56,Type 2,2023-03-25,Active
215,38,DC Fast,115.75,CCS,2023-04-18,Active
216,38,DC Fast,41.36,CCS,2023-04-28,Active
217,39,DC Ultra-Fast,156.48,CCS,2021-09-19,Active
218,39,DC Fast,69.95,CCS,2021-08-23,Active
219,39,DC Fast,58.29,CHAdeMO,2021-06-01,Offline
220,39,AC,9.79,Type 2,2021-08-20,Active
221,39,DC Fast,93.36,CCS,2021-09-02,Active
222,39,DC Ultra-Fast,248.24,CCS,2021-05-03,Active
223,40,AC,17.7,Type 2,2022-04-18,Offline
224,40,DC Ultra-Fast,283.57,CCS,2022-03-15,Active
225,40,DC Ultra-Fast,320.27,CCS,2022-01-26,Active
226,40,AC,10.01,Type 2,2021-12-25,Active
227,40,AC,15.31,Type 2,2022-02-22,Active
228,40,DC Fast,85.08,CCS,2021-11-11,Active
229,41,DC Fast,77.31,CHAdeMO,2022-05-03,Active
230,41,DC Ultra-Fast,278.47,CCS,2022-04-05,Active
231,41,AC,20.17,Type 2,2022-01-09,Active
232,41,DC Ultra-Fast,161.08,CCS,2022-04-18,Active
233,41,AC,11.84,Type 2,2022-03-05,Offline
234,41,DC Fast,55.56,CCS,2022-02-09,Active
235,41,DC Ultra-Fast,204.89,CCS,2022-05-13,Active
236,41,DC Fast,45.18,CCS,2022-01-19,Active
237,42,DC Ultra-Fast,217.52,CCS,2021-07-16,Active
238,42,DC Ultra-Fast,304.2,CCS,2021-12-22,Active
239,42,DC Fast,85.63,CCS,2021-11-13,Active
240,42,DC Fast,87.77,CHAdeMO,2021-11-09,Active
241,42,DC Fast,66.55,CHAdeMO,2021-07-27,Active
242,42,AC,13.23,Type 2,2021-08-30,Active
243,42,AC,19.92,Type 2,2021-10-05,Maintenance
244,42,AC,12.56,Type 2,2021-09-28,Active
245,43,AC,10.72,Type 2,2023-01-02,Active
246,43,DC Fast,85.38,CCS,2023-01-30,Active
247,43,DC Ultra-Fast,294.23,CCS,2023-01-30,Active
248,44,DC Fast,109.12,CHAdeMO,2021-02-07,Active
249,44,DC Fast,71.15,CCS,2021-03-29,Active
250,44,AC,11.22,Type 2,2021-04-16,Active
251,44,DC Fast,68.78,CHAdeMO,2021-05-06,Active
252,44,DC Fast,66.05,CCS,2021-05-05,Active
253,44,AC,14.56,Type 2,2021-07-11,Active
254,44,AC,21.63,Type 2,2021-05-08,Active
255,45,DC Fast,62.9,CCS,2021-05-05,Active
256,45,DC Fast,33.62,CCS,2021-04-20,Active
257,45,DC Fast,76.74,CCS,2021-08-18,Active
258,45,AC,20.97,Type 2,2021-04-26,Active
259,45,DC Fast,105.83,CHAdeMO,2021-07-23,Active
260,46,DC Fast,80.66,CHAdeMO,2021-10-17,Active
261,46,DC Fast,118.19,CHAdeMO,2022-04-07,Active
262,46,DC Fast,53.9,CCS,2021-10-26,Active
263,46,AC,16.44,Type 2,2021-11-19,Active
264,46,AC,15.59,Type 2,2021-11-30,Active
265,46,AC,9.27,Type 2,2022-01-26,Active
266,46,DC Fast,72.44,CCS,2022-04-11,Active
267,47,DC Fast,119.83,CHAdeMO,2021-12-19,Active
268,47,DC Ultra-Fast,241.93,CCS,2021-12-24,Active
269,47,DC Fast,94.88,CHAdeMO,2022-01-10,Active
270,47,DC Ultra-Fast,205.8,CCS,2021-10-03,Offline
271,48,DC Fast,93.44,CHAdeMO,2022-12-05,Active
272,48,DC Fast,114.1,CHAdeMO,2022-11-27,Active
273,48,DC Fast,64.17,CHAdeMO,2022-12-12,Offline
274,48,DC Fast,56.14,CHAdeMO,2022-10-05,Active
275,48,DC Fast,53.08,CHAdeMO,2022-11-08,Active
276,49,AC,15.43,Type 2,2021-04-22,Active
277,49,DC Fast,51.54,CCS,2021-09-05,Active
278,49,AC,10.49,Type 2,2021-07-01,Active
279,49,DC Fast,91.31,CCS,2021-03-19,Offline
280,49,DC Ultra-Fast,181.59,CCS,2021-07-18,Active
281,49,DC Fast,55.85,CHAdeMO,2021-08-30,Active
282,49,DC Fast,88.71,CCS,2021-08-01,Active
283,50,DC Ultra-Fast,185.01,CCS,2022-08-07,Maintenance
284,50,DC Fast,74.58,CHAdeMO,2022-08-07,Active
285,50,DC Fast,39.66,CHAdeMO,2022-10-09,Active
286,51,DC Fast,74.45,CCS,2021-11-04,Active
287,51,AC,8.69,Type 2,2021-10-23,Active
288,51,DC Fast,31.27,CHAdeMO,2021-09-11,Active
289,51,DC Fast,45.79,CHAdeMO,2021-10-15,Active
290,51,AC,17.04,Type 2,2021-08-02,Active
291,51,DC Ultra-Fast,151.37,CCS,2021-08-27,Active
292,51,AC,11.94,Type 2,2021-09-02,Active
293,51,DC Fast,35.59,CCS,2021-10-25,Active
294,52,DC Fast,113.08,CHAdeMO,2023-06-26,Active
295,52,DC Ultra-Fast,209.01,CCS,2023-02-26,Offline
296,52,DC Fast,70.95,CHAdeMO,2023-04-17,Active
297,52,DC Ultra-Fast,301.47,CCS,2023-03-05,Active
298,52,DC Fast,100.86,CHAdeMO,2023-05-16,Active
299,52,AC,15.46,Type 2,2023-05-21,Active
300,53,DC Fast,43.49,CHAdeMO,2023-04-25,Active
301,53,DC Fast,94.52,CHAdeMO,2023-01-05,Active
302,53,DC Fast,35.01,CCS,2023-04-23,Active
303,53,DC Fast,80.29,CHAdeMO,2022-12-18,Active
304,54,DC Fast,82.05,CCS,2022-06-09,Active
305,54,AC,21.91,Type 2,2022-06-21,Active
306,54,DC Fast,99.21,CHAdeMO,2022-05-27,Maintenance
307,55,DC Fast,112.54,CHAdeMO,2021-09-04,Active
308,55,DC Ultra-Fast,324.91,CCS,2021-11-14,Active
309,55,AC,21.89,Type 2,2021-10-13,Active
310,55,DC Ultra-Fast,316.96,CCS,2021-08-15,Active
311,55,DC Fast,68.17,CHAdeMO,2021-07-28,Active
312,55,AC,11.13,Type 2,2021-06-08,Active
313,56,DC Fast,114.26,CCS,2021-10-22,Active
314,56,AC,7.5,Type 2,2021-10-23,Active
315,56,DC Fast,51.09,CCS,2021-09-05,Active
316,56,DC Ultra-Fast,196.83,CCS,2022-01-16,Active
317,56,DC Fast,58.86,CHAdeMO,2021-09-27,Maintenance
318,56,DC Fast,67.22,CHAdeMO,2021-09-06,Active
319,57,DC Ultra-Fast,332.32,CCS,2023-01-15,Active
320,57,DC Ultra-Fast,338.32,CCS,2023-01-07,Active
321,57,DC Fast,43.43,CHAdeMO,2022-10-12,Active
322,57,DC Fast,106.44,CHAdeMO,2022-10-01,Active
323,57,DC Ultra-Fast,262.48,CCS,2023-01-15,Active
324,57,DC Fast,52.95,CHAdeMO,2023-02-07,Active
325,57,DC Fast,63.4,CCS,2022-09-08,Active
326,58,DC Fast,33.56,CCS,2021-08-05,Active
327,58,DC Fast,90.43,CCS,2021-10-18,Active
328,58,DC Ultra-Fast,210.64,CCS,2021-08-11,Offline
329,58,DC Ultra-Fast,173.46,CCS,2021-08-19,Active
330,58,DC Fast,65.7,CCS,2021-11-06,Active
331,58,AC,13.99,Type 2,2021-09-04,Active
332,58,DC Fast,74.75,CCS,2021-10-16,Active
333,58,AC,10.05,Type 2,2021-10-01,Active
334,59,DC Fast,31.46,CHAdeMO,2021-07-04,Active
335,59,AC,12.7,Type 2,2021-08-25,Active
336,59,DC Ultra-Fast,217.51,CCS,2021-10-01,Active
337,59,DC Fast,95.95,CHAdeMO,2021-06-02,Active
338,60,DC Fast,112.52,CCS,2021-11-09,Active
339,60,DC Fast,115.07,CCS,2021-06-29,Active
340,60,DC Fast,50.83,CCS,2021-06-30,Active
341,60,DC Fast,35.44,CHAdeMO,2021-12-13,Active
342,60,AC,15.27,Type 2,2021-07-02,Active
343,60,AC,21.66,Type 2,2021-11-03,Active
344,60,DC Fast,102.56,CCS,2021-07-25,Active
345,61,AC,9.88,Type 2,2022-09-08,Active
346,61,DC Fast,63.57,CHAdeMO,2022-10-05,Active
347,61,DC Ultra-Fast,195.17,CCS,2022-11-24,Maintenance
348,61,DC Fast,32.85,CHAdeMO,2022-09-15,Active
349,61,DC Fast,87.31,CCS,2022-07-01,Active
350,61,DC Fast,100.59,CCS,2022-10-23,Active
351,61,AC,20.52,Type 2,2022-08-18,Active
352,62,DC Fast,55.23,CCS,2021-03-30,Offline
353,62,AC,21.42,Type 2,2021-05-25,Offline
354,62,AC,15.46,Type 2,2021-08-05,Active
355,63,DC Fast,96.58,CCS,2021-11-26,Active
356,63,AC,8.47,Type 2,2021-08-09,Active
357,63,DC Fast,115.94,CHAdeMO,2021-10-12,Active
358,63,AC,21.89,Type 2,2021-09-17,Active
359,63,DC Ultra-Fast,236.37,CCS,2021-08-11,Active
360,64,DC Fast,94.18,CCS,2022-07-23,Active
361,64,DC Fast,87.05,CHAdeMO,2022-08-05,Active
362,64,AC,21.14,Type 2,2022-08-16,Active
363,64,AC,8.31,Type 2,2022-09-07,Active
364,64,DC Fast,39.3,CCS,2022-08-14,Active
365,65,DC Fast,59.2,CHAdeMO,2021-05-12,Active
366,65,DC Fast,37.62,CCS,2021-10-02,Active
367,65,DC Fast,45.26,CHAdeMO,2021-07-25,Active
368,65,AC,9.51,Type 2,2021-08-24,Active
369,65,DC Fast,62.5,CCS,2021-10-16,Active
370,65,DC Fast,71.21,CCS,2021-07-25,Active
371,65,DC Fast,105.75,CHAdeMO,2021-08-01,Active
372,66,DC Fast,107.36,CCS,2022-08-05,Active
373,66,DC Ultra-Fast,190.17,CCS,2022-07-05,Offline
374,66,DC Ultra-Fast,208.29,CCS,2022-10-15,Active
375,66,AC,11.2,Type 2,2022-08-22,Active
376,66,DC Fast,83.3,CCS,2022-11-11,Active
377,66,AC,17.91,Type 2,2022-09-10,Active
378,67,AC,19.72,Type 2,2021-09-14,Active
379,67,DC Fast,51.78,CCS,2021-07-12,Active
380,67,AC,21.86,Type 2,2021-08-22,Active
381,67,DC Fast,112.84,CHAdeMO,2021-08-12,Active
382,67,DC Ultra-Fast,290.33,CCS,2021-04-22,Active
383,67,DC Fast,61.95,CCS,2021-08-17,Maintenance
384,67,DC Fast,65.97,CHAdeMO,2021-07-14,Active
385,67,AC,10.33,Type 2,2021-07-18,Active
386,68,DC Fast,82.97,CCS,2023-02-26,Maintenance
387,68,DC Fast,56.59,CCS,2022-12-29,Active
388,68,DC Fast,61.35,CHAdeMO,2023-03-26,Active
389,68,DC Fast,61.35,CCS,2023-03-22,Active
390,68,DC Fast,36.05,CCS,2022-12-29,Active
391,68,AC,8.64,Type 2,2023-01-31,Active
392,69,AC,15.4,Type 2,2022-07-01,Active
393,69,DC Fast,46.77,CHAdeMO,2022-08-12,Active
394,69,DC Fast,47.76,CHAdeMO,2022-08-10,Active
395,69,AC,11.18,Type 2,2022-09-27,Active
396,69,DC Ultra-Fast,187.39,CCS,2022-06-22,Active
397,69,AC,19.94,Type 2,2022-10-02,Active
398,69,DC Fast,40.28,CHAdeMO,2022-08-28,Active
399,70,DC Fast,56.77,CCS,2022-11-15,Active
400,70,AC,11.58,Type 2,2022-08-30,Active
401,70,DC Fast,67.64,CCS,2022-10-21,Active
402,70,AC,16.53,Type 2,2022-10-16,Active
403,70,AC,9.81,Type 2,2022-11-01,Active
404,70,DC Fast,30.86,CCS,2022-07-15,Active
405,70,DC Ultra-Fast,251.09,CCS,2022-09-08,Active
406,70,DC Fast,105.59,CHAdeMO,2022-07-08,Active
407,71,DC Fast,49.85,CCS,2021-07-30,Active
408,71,AC,18.71,Type 2,2021-10-08,Active
409,71,DC Fast,54.11,CHAdeMO,2021-10-06,Active
410,72,DC Fast,69.72,CCS,2022-02-27,Active
411,72,DC Fast,97.62,CHAdeMO,2021-11-19,Active
412,72,AC,19.25,Type 2,2021-12-11,Active
413,73,AC,18.06,Type 2,2021-08-01,Active
414,73,AC,9.09,Type 2,2021-04-19,Active
415,73,DC Fast,77.91,CCS,2021-05-19,Maintenance
416,73,AC,15.59,Type 2,2021-04-01,Offline
417,74,DC Ultra-Fast,348.5,CCS,2022-05-05,Active
418,74,AC,17.67,Type 2,2022-04-29,Active
419,74,AC,16.49,Type 2,2022-02-11,Active
420,74,DC Fast,109.21,CCS,2022-02-18,Active
421,74,AC,21.05,Type 2,2022-03-03,Offline
422,74,AC,7.04,Type 2,2022-03-04,Active
423,75,DC Fast,35.7,CHAdeMO,2021-04-07,Offline
424,75,DC Fast,74.52,CHAdeMO,2021-04-24,Active
425,75,DC Fast,80.95,CHAdeMO,2021-05-09,Active
426,75,DC Fast,34.13,CHAdeMO,2021-02-15,Active
427,75,DC Ultra-Fast,238.26,CCS,2021-05-31,Active
428,75,DC Fast,41.87,CHAdeMO,2021-03-23,Active
429,75,DC Ultra-Fast,168.67,CCS,2021-04-16,Active
430,75,DC Fast,88.4,CCS,2021-05-23,Active
431,76,DC Fast,51.07,CCS,2023-03-22,Active
432,76,AC,8.17,Type 2,2023-02-02,Active
433,76,AC,17.43,Type 2,2023-01-09,Active
434,76,DC Fast,50.61,CCS,2022-10-19,Active
435,76,DC Fast,56.93,CHAdeMO,2022-10-27,Active
436,76,DC Fast,36.16,CCS,2023-02-26,Active
437,76,DC Fast,95.02,CCS,2023-01-06,Active
438,76,DC Fast,49.55,CCS,2022-10-28,Active
439,77,DC Fast,61.64,CHAdeMO,2022-12-01,Active
440,77,AC,16.67,Type 2,2023-01-31,Active
441,77,DC Fast,55.64,CCS,2023-02-27,Active
442,77,AC,16.1,Type 2,2022-12-21,Active
443,77,AC,20.47,Type 2,2023-01-16,Active
444,77,AC,16.57,Type 2,2023-01-25,Active
445,77,AC,12.42,Type 2,2022-10-15,Active
446,78,DC Fast,79.17,CCS,2021-10-29,Offline
447,78,DC Fast,31.5,CCS,2021-07-04,Active
448,78,AC,7.91,Type 2,2021-11-07,Active
449,78,DC Fast,99.04,CHAdeMO,2021-12-27,Active
450,78,DC Fast,78.39,CCS,2021-09-10,Active
451,78,AC,20.81,Type 2,2021-11-15,Active
452,78,DC Fast,98.69,CCS,2021-09-18,Active
453,79,DC Ultra-Fast,197.73,CCS,2022-07-20,Offline
454,79,AC,16.18,Type 2,2022-09-15,Active
455,79,DC Fast,45.81,CCS,2022-08-02,Active
456,79,AC,21.3,Type 2,2022-08-09,Active
457,79,DC Fast,108.61,CCS,2022-07-05,Active
458,79,DC Fast,77.15,CHAdeMO,2022-11-22,Active
459,79,DC Fast,75.97,CCS,2022-11-02,Active
460,79,AC,9.36,Type 2,2022-11-21,Active
461,80,AC,14.63,Type 2,2022-10-19,Active
462,80,DC Fast,64.47,CCS,2022-11-30,Offline
463,80,DC Ultra-Fast,260.57,CCS,2022-12-12,Active
464,81,DC Ultra-Fast,213.99,CCS,2023-02-16,Active
465,81,DC Fast,111.17,CCS,2022-11-19,Active
466,81,DC Ultra-Fast,340.82,CCS,2023-01-20,Active
467,81,DC Fast,57.96,CCS,2023-02-11,Active
468,81,DC Fast,56.24,CHAdeMO,2023-03-01,Active
469,81,DC Fast,117.47,CCS,2023-02-09,Active
470,82,AC,20.99,Type 2,2023-02-14,Active
471,82,DC Fast,92.41,CCS,2023-03-12,Active
472,82,DC Fast,106.41,CHAdeMO,2023-01-12,Active
473,82,DC Ultra-Fast,233.96,CCS,2023-01-22,Active
474,83,AC,10.47,Type 2,2023-01-10,Active
475,83,DC Fast,97.31,CCS,2022-11-21,Active
476,83,DC Fast,36.73,CCS,2022-11-03,Active
477,84,AC,10.91,Type 2,2022-09-05,Active
478,84,DC Fast,58.63,CHAdeMO,2022-07-26,Active
479,84,AC,18.7,Type 2,2022-07-06,Active
480,84,DC Fast,58.26,CCS,2022-10-12,Active
481,85,DC Fast,71.7,CCS,2022-08-09,Active
482,85,DC Fast,104.37,CCS,2022-09-10,Active
483,85,AC,8.37,Type 2,2022-10-16,Active
484,85,AC,11.48,Type 2,2022-07-24,Offline
485,86,DC Fast,79.51,CCS,2022-08-01,Active
486,86,DC Fast,40.93,CCS,2022-05-31,Active
487,86,DC Fast,63.5,CCS,2022-09-01,Active
488,86,DC Ultra-Fast,165.0,CCS,2022-05-25,Active
489,86,DC Fast,41.59,CHAdeMO,2022-05-06,Active
490,86,DC Fast,45.12,CHAdeMO,2022-07-15,Active
491,87,DC Fast,45.55,CCS,2021-12-11,Active
492,87,DC Fast,43.38,CCS,2022-04-08,Active
493,87,DC Fast,79.56,CCS,2021-11-16,Active
494,87,AC,9.99,Type 2,2022-04-04,Maintenance
495,87,DC Fast,31.76,CHAdeMO,2022-01-24,Active
496,87,DC Fast,60.96,CHAdeMO,2022-02-01,Active
497,88,AC,10.29,Type 2,2021-03-09,Active
498,88,DC Fast,62.17,CCS,2021-04-04,Active
499,88,DC Fast,53.99,CCS,2021-04-20,Active
500,89,DC Fast,105.53,CCS,2022-08-05,Active
501,89,AC,18.07,Type 2,2022-11-19,Active
502,89,DC Fast,115.28,CCS,2022-11-12,Offline
503,89,DC Fast,102.94,CHAdeMO,2022-11-06,Active
504,89,DC Fast,38.12,CCS,2022-11-22,Active
505,89,DC Fast,30.06,CCS,2022-07-24,Active
506,90,DC Ultra-Fast,318.86,CCS,2021-06-02,Active
507,90,DC Fast,112.55,CCS,2021-09-29,Active
508,90,DC Ultra-Fast,224.72,CCS,2021-10-15,Active
509,90,AC,9.05,Type 2,2021-09-06,Active
510,91,DC Fast,45.68,CHAdeMO,2022-04-12,Active
511,91,DC Fast,64.05,CHAdeMO,2022-03-18,Active
512,91,AC,17.53,Type 2,2022-07-09,Active
513,91,DC Fast,112.89,CCS,2022-07-27,Active
514,91,DC Ultra-Fast,178.13,CCS,2022-04-15,Active
515,91,AC,16.54,Type 2,2022-08-04,Active
516,92,DC Fast,53.87,CCS,2022-02-24,Active
517,92,AC,8.62,Type 2,2021-09-12,Active
518,92,DC Fast,117.22,CHAdeMO,2022-01-04,Active
519,92,DC Fast,63.78,CHAdeMO,2022-01-25,Active
520,92,DC Fast,44.64,CCS,2021-09-08,Active
521,93,AC,8.57,Type 2,2022-09-05,Active
522,93,AC,8.13,Type 2,2022-10-18,Active
523,93,DC Fast,73.45,CCS,2022-11-11,Offline
524,93,AC,20.35,Type 2,2022-08-06,Active
525,93,AC,9.85,Type 2,2023-01-09,Active
526,94,AC,12.89,Type 2,2022-11-19,Active
527,94,AC,8.31,Type 2,2022-12-01,Active
528,94,AC,16.57,Type 2,2023-02-09,Active
529,94,AC,12.96,Type 2,2023-03-29,Active
530,95,DC Fast,46.64,CHAdeMO,2021-08-04,Active
531,95,AC,13.6,Type 2,2021-06-28,Active
532,95,DC Fast,43.6,CCS,2021-05-23,Active
533,95,DC Fast,67.26,CCS,2021-09-20,Active
534,95,DC Fast,77.03,CHAdeMO,2021-09-25,Active
535,95,DC Fast,37.11,CCS,2021-09-07,Active
536,95,DC Fast,81.43,CCS,2021-06-01,Offline
537,95,DC Fast,115.42,CCS,2021-06-25,Active
538,96,AC,8.18,Type 2,2022-01-04,Maintenance
539,96,DC Fast,105.07,CHAdeMO,2022-02-03,Active
540,96,DC Ultra-Fast,163.4,CCS,2022-04-05,Active
541,96,AC,11.14,Type 2,2021-11-17,Active
542,97,DC Fast,100.35,CCS,2022-08-08,Active
543,97,DC Fast,82.44,CCS,2022-05-21,Active
544,97,AC,11.29,Type 2,2022-08-07,Active
545,97,DC Fast,81.48,CHAdeMO,2022-05-03,Active
546,97,DC Fast,85.64,CHAdeMO,2022-05-03,Active
547,97,DC Ultra-Fast,288.1,CCS,2022-08-23,Offline
548,97,DC Ultra-Fast,154.05,CCS,2022-07-12,Active
549,98,DC Ultra-Fast,286.97,CCS,2021-05-11,Active
550,98,DC Fast,99.66,CHAdeMO,2021-06-14,Active
551,98,DC Fast,38.04,CHAdeMO,2021-05-31,Active
552,98,DC Fast,73.6,CHAdeMO,2021-04-21,Active
553,98,AC,11.67,Type 2,2021-05-11,Active
554,98,DC Fast,81.18,CCS,2021-05-26,Active
555,99,DC Fast,52.45,CHAdeMO,2021-05-26,Active
556,99,DC Fast,54.66,CHAdeMO,2021-09-20,Active
557,99,DC Ultra-Fast,286.23,CCS,2021-08-17,Active
558,99,DC Fast,116.45,CHAdeMO,2021-10-11,Active
559,100,AC,20.42,Type 2,2022-06-20,Active
560,100,AC,19.81,Type 2,2022-06-04,Active
561,100,DC Fast,54.22,CHAdeMO,2022-08-18,Active
562,100,DC Fast,99.08,CCS,2022-08-08,Active
563,100,DC Fast,84.1,CCS,2022-06-05,Active
564,101,DC Fast,93.84,CHAdeMO,2022-06-02,Active
565,101,DC Ultra-Fast,241.8,CCS,2022-06-13,Active
566,101,DC Fast,86.12,CCS,2022-02-15,Active
567,101,DC Fast,105.9,CHAdeMO,2022-07-07,Active
568,101,DC Fast,56.86,CCS,2022-06-17,Active
569,102,DC Fast,107.53,CHAdeMO,2023-02-03,Active
570,102,DC Ultra-Fast,209.76,CCS,2022-12-30,Active
571,102,DC Ultra-Fast,311.09,CCS,2023-02-05,Active
572,102,AC,7.38,Type 2,2022-11-03,Active
573,102,DC Fast,64.94,CCS,2023-01-16,Active
574,103,DC Fast,60.89,CCS,2022-08-06,Active
575,103,DC Fast,111.59,CHAdeMO,2022-06-21,Active
576,103,AC,16.86,Type 2,2022-04-28,Active
577,103,AC,10.88,Type 2,2022-08-05,Active
578,103,DC Fast,50.0,CCS,2022-05-01,Active
579,103,DC Ultra-Fast,224.34,CCS,2022-06-10,Active
580,103,DC Fast,107.98,CCS,2022-06-12,Active
581,104,AC,17.21,Type 2,2023-04-07,Active
582,104,DC Ultra-Fast,177.47,CCS,2023-03-20,Active
583,104,DC Fast,111.6,CHAdeMO,2023-01-28,Active
584,104,DC Fast,100.1,CHAdeMO,2023-03-18,Active
585,104,AC,16.52,Type 2,2023-04-17,Active
586,104,DC Fast,45.17,CCS,2023-04-27,Active
587,104,DC Fast,41.65,CHAdeMO,2023-06-03,Active
588,105,DC Ultra-Fast,226.66,CCS,2023-02-04,Active
589,105,DC Fast,31.27,CHAdeMO,2023-02-03,Active
590,105,DC Fast,86.4,CCS,2022-11-17,Active
591,105,AC,8.93,Type 2,2023-01-27,Active
592,105,AC,19.36,Type 2,2022-12-04,Active
593,105,DC Fast,77.17,CHAdeMO,2023-03-15,Maintenance
594,106,DC Ultra-Fast,248.04,CCS,2021-09-12,Offline
595,106,DC Ultra-Fast,230.68,CCS,2021-09-27,Active
596,106,AC,18.01,Type 2,2021-09-01,Active
597,106,DC Fast,33.36,CHAdeMO,2021-12-15,Active
598,106,DC Fast,34.32,CCS,2022-01-15,Active
599,107,DC Fast,67.51,CHAdeMO,2022-11-23,Active
600,107,DC Fast,43.78,CCS,2023-01-08,Active
601,107,AC,14.8,Type 2,2023-02-07,Active
602,108,DC Fast,85.59,CHAdeMO,2022-04-14,Active
603,108,DC Fast,84.81,CHAdeMO,2022-07-27,Maintenance
604,108,DC Fast,66.88,CCS,2022-03-26,Active
605,109,DC Fast,73.26,CCS,2021-01-11,Active
606,109,AC,8.66,Type 2,2021-02-18,Offline
607,109,DC Fast,36.75,CCS,2021-03-17,Active
608,109,DC Fast,117.96,CHAdeMO,2021-05-09,Active
609,110,DC Ultra-Fast,320.45,CCS,2021-12-29,Active
610,110,DC Fast,38.55,CCS,2021-07-11,Active
611,110,DC Fast,45.35,CHAdeMO,2021-10-29,Offline
612,110,AC,18.0,Type 2,2021-10-04,Active
613,111,DC Fast,71.09,CHAdeMO,2022-08-24,Active
614,111,DC Fast,88.4,CCS,2022-03-29,Active
615,111,DC Fast,118.34,CCS,2022-03-27,Active
616,111,DC Fast,102.2,CHAdeMO,2022-04-16,Active
617,111,DC Fast,85.02,CCS,2022-07-02,Offline
618,111,AC,13.17,Type 2,2022-03-17,Active
619,112,AC,20.02,Type 2,2023-02-04,Active
620,112,DC Fast,91.94,CCS,2022-12-05,Active
621,112,AC,12.19,Type 2,2022-09-24,Active
622,112,DC Fast,118.9,CCS,2022-08-19,Active
623,112,AC,19.73,Type 2,2022-09-28,Active
624,113,AC,11.96,Type 2,2021-06-26,Active
625,113,DC Fast,64.08,CCS,2021-07-04,Active
626,113,DC Fast,70.33,CHAdeMO,2021-10-06,Active
627,113,DC Ultra-Fast,299.05,CCS,2021-07-10,Active
628,113,AC,15.24,Type 2,2021-11-15,Offline
629,113,DC Fast,110.11,CCS,2021-11-28,Active
630,114,DC Fast,34.88,CCS,2021-08-16,Active
631,114,DC Fast,84.0,CHAdeMO,2021-08-15,Active
632,114,DC Fast,49.96,CHAdeMO,2021-07-21,Active
633,114,DC Ultra-Fast,208.4,CCS,2021-10-18,Active
634,114,DC Ultra-Fast,248.48,CCS,2021-05-19,Active
635,115,AC,20.95,Type 2,2022-08-01,Active
636,115,DC Fast,94.51,CCS,2022-09-21,Active
637,115,DC Fast,90.49,CCS,2022-09-30,Active
638,115,DC Fast,75.38,CHAdeMO,2022-06-08,Active
639,116,DC Fast,68.95,CHAdeMO,2021-12-10,Active
640,116,DC Ultra-Fast,288.36,CCS,2021-09-03,Active
641,116,DC Fast,84.55,CHAdeMO,2021-12-09,Active
642,117,DC Ultra-Fast,333.18,CCS,2022-12-08,Active
643,117,AC,11.41,Type 2,2022-11-03,Active
644,117,DC Fast,97.36,CHAdeMO,2023-03-27,Active
645,117,AC,18.05,Type 2,2022-11-19,Active
646,117,DC Fast,91.8,CCS,2023-03-14,Maintenance
647,117,AC,15.14,Type 2,2022-10-28,Active
648,118,DC Fast,81.36,CHAdeMO,2023-05-08,Active
649,118,DC Fast,55.73,CHAdeMO,2022-11-20,Active
650,118,AC,9.18,Type 2,2023-01-07,Active
651,118,DC Fast,118.52,CHAdeMO,2022-12-24,Active
652,118,DC Fast,56.56,CCS,2023-02-16,Active
653,118,AC,20.02,Type 2,2023-05-01,Active
654,118,AC,18.76,Type 2,2023-05-13,Active
655,119,DC Fast,116.1,CHAdeMO,2021-08-08,Active
656,119,DC Fast,48.28,CHAdeMO,2021-05-16,Active
657,119,DC Fast,88.29,CCS,2021-05-08,Active
658,119,AC,17.24,Type 2,2021-05-03,Active
659,119,AC,7.61,Type 2,2021-08-09,Active
660,119,AC,19.69,Type 2,2021-06-12,Active
661,120,AC,20.93,Type 2,2022-03-15,Active
662,120,DC Fast,74.15,CHAdeMO,2021-10-24,Active
663,120,AC,10.3,Type 2,2022-02-16,Active
664,120,DC Fast,67.43,CHAdeMO,2021-10-29,Active
665,121,DC Fast,59.8,CHAdeMO,2021-07-31,Offline
666,121,DC Fast,72.74,CCS,2021-07-05,Active
667,121,DC Fast,111.4,CCS,2021-06-16,Active
668,121,AC,20.74,Type 2,2021-09-12,Active
669,122,AC,20.67,Type 2,2021-06-04,Active
670,122,DC Fast,33.95,CCS,2021-04-16,Active
671,122,DC Ultra-Fast,183.48,CCS,2021-07-03,Active
672,122,DC Fast,99.62,CHAdeMO,2021-02-19,Active
673,122,DC Fast,109.08,CHAdeMO,2021-07-08,Active
674,122,AC,17.29,Type 2,2021-05-21,Active
675,122,AC,8.1,Type 2,2021-03-29,Active
676,122,DC Fast,50.49,CHAdeMO,2021-05-08,Active
677,123,DC Fast,58.48,CHAdeMO,2023-05-17,Active
678,123,AC,17.8,Type 2,2023-04-24,Active
679,123,DC Fast,62.19,CCS,2023-02-08,Active
680,123,AC,8.3,Type 2,2023-03-03,Active
681,123,DC Fast,72.66,CCS,2022-12-30,Active
682,123,DC Fast,106.45,CHAdeMO,2023-05-07,Active
683,123,DC Fast,112.28,CHAdeMO,2022-11-28,Active
684,123,DC Fast,41.09,CCS,2023-04-21,Active
685,124,DC Fast,37.66,CCS,2021-09-11,Active
686,124,DC Ultra-Fast,320.29,CCS,2021-07-26,Active
687,124,DC Fast,52.75,CCS,2021-07-31,Active
688,124,DC Fast,34.89,CHAdeMO,2021-11-27,Active
689,124,AC,8.01,Type 2,2021-08-04,Active
690,124,DC Fast,59.78,CCS,2021-12-03,Active
691,124,AC,16.29,Type 2,2021-09-04,Active
692,125,DC Fast,57.51,CCS,2023-04-13,Active
693,125,DC Fast,116.28,CCS,2022-11-21,Active
694,125,DC Fast,94.1,CHAdeMO,2023-01-29,Active
695,125,AC,17.99,Type 2,2023-03-18,Active
696,125,DC Fast,73.83,CCS,2023-01-03,Active
697,126,DC Fast,107.28,CCS,2022-05-17,Active
698,126,DC Fast,86.4,CCS,2022-01-04,Active
699,126,DC Fast,103.14,CHAdeMO,2022-05-31,Active
700,127,DC Fast,78.91,CHAdeMO,2021-08-04,Active
701,127,DC Fast,50.1,CHAdeMO,2021-03-24,Active
702,127,DC Fast,65.71,CCS,2021-08-06,Active
703,128,DC Fast,98.15,CCS,2021-07-29,Active
704,128,DC Fast,80.92,CCS,2021-08-07,Offline
705,128,AC,18.42,Type 2,2021-04-22,Active
706,128,AC,17.03,Type 2,2021-07-14,Active
707,128,DC Fast,34.18,CHAdeMO,2021-05-02,Active
708,128,DC Fast,104.67,CHAdeMO,2021-09-01,Active
709,128,AC,16.81,Type 2,2021-09-03,Active
710,129,DC Fast,63.87,CCS,2022-11-28,Active
711,129,DC Fast,61.05,CHAdeMO,2022-12-20,Active
712,129,DC Ultra-Fast,237.98,CCS,2022-08-07,Active
713,130,AC,9.8,Type 2,2022-04-08,Active
714,130,AC,10.46,Type 2,2021-12-04,Active
715,130,DC Fast,48.96,CCS,2022-04-19,Active
716,130,AC,7.65,Type 2,2021-12-09,Active
717,130,AC,15.58,Type 2,2021-12-17,Active
718,131,DC Fast,66.49,CCS,2022-04-24,Active
719,131,DC Ultra-Fast,193.32,CCS,2022-03-09,Active
720,131,DC Fast,84.08,CCS,2022-04-14,Active
721,131,AC,17.86,Type 2,2022-03-02,Active
722,132,AC,12.78,Type 2,2022-04-07,Active
723,132,DC Ultra-Fast,250.87,CCS,2022-05-11,Active
724,132,AC,20.52,Type 2,2022-08-17,Active
725,133,AC,16.89,Type 2,2023-03-05,Active
726,133,DC Fast,63.33,CCS,2023-03-10,Active
727,133,AC,19.03,Type 2,2022-12-11,Active
728,134,DC Ultra-Fast,317.44,CCS,2021-12-24,Active
729,134,DC Fast,50.93,CCS,2021-11-18,Active
730,134,DC Fast,53.2,CCS,2021-09-08,Active
731,134,AC,7.11,Type 2,2022-03-02,Active
732,134,DC Fast,39.59,CHAdeMO,2022-02-20,Active
733,134,AC,15.04,Type 2,2022-02-10,Active
734,134,DC Fast,97.95,CHAdeMO,2022-01-26,Active
735,134,DC Fast,63.32,CHAdeMO,2021-11-10,Maintenance
736,135,AC,17.58,Type 2,2022-06-25,Active
737,135,AC,18.75,Type 2,2022-02-02,Active
738,135,DC Fast,60.46,CCS,2022-02-18,Active
739,135,DC Fast,102.39,CCS,2022-05-08,Offline
740,135,DC Fast,35.77,CCS,2022-04-12,Active
741,135,AC,12.76,Type 2,2022-06-14,Active
742,135,AC,21.45,Type 2,2022-02-21,Active
743,136,AC,19.76,Type 2,2022-07-06,Active
744,136,DC Fast,76.42,CCS,2022-10-22,Active
745,136,AC,10.59,Type 2,2022-06-27,Active
746,136,AC,12.99,Type 2,2022-08-29,Active
747,136,DC Fast,96.32,CCS,2022-06-10,Active
748,136,DC Fast,80.32,CHAdeMO,2022-08-14,Offline
749,137,AC,21.45,Type 2,2022-03-02,Active
750,137,AC,13.11,Type 2,2022-04-11,Active
751,137,AC,21.21,Type 2,2022-04-05,Active
752,137,DC Fast,92.48,CHAdeMO,2022-04-12,Active
753,137,AC,12.09,Type 2,2022-05-12,Active
754,138,DC Ultra-Fast,246.39,CCS,2022-04-08,Active
755,138,DC Fast,49.83,CCS,2022-06-10,Active
756,138,DC Fast,78.21,CHAdeMO,2022-05-24,Active
757,138,DC Fast,97.39,CHAdeMO,2022-04-10,Active
758,138,AC,11.71,Type 2,2022-08-15,Active
759,138,DC Ultra-Fast,286.62,CCS,2022-07-27,Active
760,138,AC,10.63,Type 2,2022-05-13,Active
761,139,DC Fast,62.04,CCS,2021-12-18,Offline
762,139,DC Fast,89.71,CCS,2022-04-05,Offline
763,139,DC Fast,63.41,CHAdeMO,2022-03-24,Active
764,139,DC Ultra-Fast,264.9,CCS,2022-03-23,Active
765,140,AC,10.33,Type 2,2022-02-09,Active
766,140,DC Fast,114.57,CCS,2022-06-04,Active
767,140,DC Ultra-Fast,305.18,CCS,2022-02-26,Active
768,140,DC Fast,92.03,CCS,2022-07-18,Active
769,140,DC Fast,59.29,CHAdeMO,2022-03-15,Active
770,140,AC,14.07,Type 2,2022-04-30,Active
771,140,DC Fast,67.72,CHAdeMO,2022-04-30,Active
772,141,DC Fast,81.43,CCS,2022-05-04,Active
773,141,DC Fast,79.98,CHAdeMO,2022-05-29,Active
774,141,DC Ultra-Fast,179.91,CCS,2022-05-24,Active
775,141,AC,20.4,Type 2,2022-08-11,Active
776,141,DC Fast,81.11,CHAdeMO,2022-05-04,Active
777,142,AC,10.81,Type 2,2023-03-18,Active
778,142,AC,12.4,Type 2,2023-02-19,Active
779,142,AC,20.01,Type 2,2023-04-19,Active
780,143,DC Fast,118.14,CHAdeMO,2022-04-13,Active
781,143,DC Fast,99.73,CHAdeMO,2022-02-02,Active
782,143,AC,16.48,Type 2,2022-02-24,Active
783,143,DC Ultra-Fast,234.36,CCS,2022-01-31,Active
784,143,AC,11.7,Type 2,2022-03-22,Active
785,143,DC Fast,109.89,CHAdeMO,2022-06-12,Active
786,143,DC Fast,45.06,CCS,2022-02-14,Active
787,143,DC Fast,114.64,CCS,2022-03-07,Active
788,144,AC,21.05,Type 2,2022-03-01,Active
789,144,DC Fast,77.16,CCS,2021-11-07,Active
790,144,AC,16.82,Type 2,2021-12-30,Active
791,145,AC,16.4,Type 2,2022-04-16,Active
792,145,AC,16.95,Type 2,2022-04-03,Active
793,145,DC Ultra-Fast,336.97,CCS,2022-01-06,Offline
794,145,DC Fast,45.93,CHAdeMO,2022-05-13,Active
795,145,DC Ultra-Fast,237.0,CCS,2022-03-01,Active
796,145,AC,8.34,Type 2,2022-03-06,Active
797,145,AC,7.16,Type 2,2022-03-01,Active
798,145,DC Fast,91.9,CHAdeMO,2022-04-04,Active
799,146,DC Fast,83.73,CCS,2022-09-03,Active
800,146,DC Fast,80.45,CHAdeMO,2022-06-18,Active
801,146,DC Fast,65.08,CHAdeMO,2022-06-11,Active
802,146,DC Fast,51.56,CHAdeMO,2022-06-27,Active
803,146,DC Fast,54.19,CCS,2022-05-03,Active
804,146,AC,16.55,Type 2,2022-06-24,Active
805,147,AC,7.29,Type 2,2023-05-16,Active
806,147,DC Ultra-Fast,206.42,CCS,2023-04-22,Active
807,147,AC,9.26,Type 2,2023-02-24,Active
808,147,AC,18.99,Type 2,2023-04-28,Active
809,147,AC,8.2,Type 2,2023-01-14,Active
810,147,DC Fast,78.89,CCS,2023-02-18,Active
811,148,DC Fast,104.54,CCS,2021-04-01,Active
812,148,DC Ultra-Fast,199.43,CCS,2021-03-19,Active
813,148,DC Fast,76.9,CCS,2021-05-29,Active
814,148,DC Ultra-Fast,337.24,CCS,2021-07-08,Active
815,148,DC Fast,79.46,CCS,2021-04-02,Active
816,149,AC,20.31,Type 2,2022-07-12,Active
817,149,DC Fast,31.36,CHAdeMO,2022-11-10,Active
818,149,DC Fast,30.8,CCS,2022-11-09,Active
819,149,DC Fast,83.66,CHAdeMO,2022-07-06,Active
820,149,DC Fast,91.74,CHAdeMO,2022-11-21,Active
821,150,DC Fast,93.12,CCS,2021-03-24,Active
822,150,AC,15.38,Type 2,2021-06-12,Active
823,150,AC,12.67,Type 2,2021-04-25,Active
824,150,DC Fast,69.38,CHAdeMO,2021-07-08,Active
825,150,AC,9.8,Type 2,2021-05-13,Active
826,151,DC Ultra-Fast,269.74,CCS,2022-03-03,Active
827,151,DC Fast,103.75,CHAdeMO,2022-06-10,Active
828,151,DC Fast,64.11,CCS,2022-02-18,Active
829,151,DC Fast,85.82,CHAdeMO,2022-03-02,Active
830,151,DC Fast,64.87,CHAdeMO,2022-07-05,Active
831,152,AC,16.61,Type 2,2022-03-24,Active
832,152,AC,19.53,Type 2,2022-04-14,Active
833,152,AC,14.28,Type 2,2022-03-08,Active
834,152,DC Fast,89.21,CHAdeMO,2022-03-12,Active
835,152,DC Fast,36.38,CCS,2022-08-14,Active
836,153,DC Fast,87.5,CHAdeMO,2022-06-23,Active
837,153,DC Ultra-Fast,314.41,CCS,2022-07-08,Active
838,153,AC,8.06,Type 2,2022-02-20,Offline
839,154,AC,17.88,Type 2,2021-07-31,Active
840,154,DC Fast,81.3,CCS,2021-11-02,Active
841,154,DC Fast,39.5,CHAdeMO,2021-12-02,Active
842,154,DC Fast,109.45,CCS,2021-07-29,Active
843,154,DC Fast,89.18,CHAdeMO,2021-09-11,Active
844,154,DC Fast,119.72,CHAdeMO,2021-09-26,Active
845,154,DC Fast,95.33,CCS,2021-11-04,Active
846,155,DC Fast,113.35,CHAdeMO,2021-05-23,Offline
847,155,DC Fast,65.74,CCS,2021-05-03,Active
848,155,DC Fast,119.41,CHAdeMO,2021-02-21,Active
849,155,AC,19.84,Type 2,2021-08-15,Active
850,155,DC Ultra-Fast,252.25,CCS,2021-03-16,Active
851,155,DC Fast,42.46,CHAdeMO,2021-07-19,Active
852,156,DC Fast,38.27,CHAdeMO,2022-11-29,Active
853,156,DC Fast,95.12,CHAdeMO,2022-08-20,Active
854,156,DC Ultra-Fast,290.57,CCS,2022-12-06,Active
855,156,AC,19.13,Type 2,2022-07-27,Active
856,156,DC Ultra-Fast,216.88,CCS,2022-10-21,Offline
857,157,DC Ultra-Fast,195.34,CCS,2022-04-23,Active
858,157,DC Fast,57.43,CCS,2022-02-01,Active
859,157,AC,14.54,Type 2,2021-12-21,Active
860,158,DC Ultra-Fast,344.21,CCS,2022-04-21,Active
861,158,DC Fast,43.32,CHAdeMO,2022-03-17,Active
862,158,DC Fast,79.33,CHAdeMO,2022-03-17,Active
863,158,DC Fast,92.81,CCS,2022-06-27,Active
864,158,DC Fast,88.7,CCS,2022-07-17,Active
865,158,DC Fast,52.16,CCS,2022-05-03,Active
866,158,AC,20.86,Type 2,2022-03-24,Active
867,158,DC Fast,61.35,CHAdeMO,2022-05-23,Active
868,159,DC Fast,45.23,CHAdeMO,2021-10-22,Active
869,159,DC Fast,86.09,CHAdeMO,2021-05-29,Offline
870,159,AC,17.28,Type 2,2021-06-08,Active
871,160,AC,16.32,Type 2,2021-11-24,Active
872,160,DC Fast,40.02,CHAdeMO,2022-01-10,Active
873,160,AC,15.07,Type 2,2022-01-29,Active
874,161,DC Fast,86.07,CCS,2022-11-21,Active
875,161,AC,15.75,Type 2,2022-08-01,Active
876,161,AC,18.84,Type 2,2022-06-10,Active
877,161,DC Ultra-Fast,163.32,CCS,2022-11-13,Active
878,161,DC Fast,107.79,CCS,2022-08-10,Active
879,162,DC Fast,118.18,CCS,2021-05-17,Active
880,162,DC Fast,37.92,CCS,2021-07-04,Offline
881,162,DC Fast,94.12,CCS,2021-04-30,Offline
882,162,AC,14.35,Type 2,2021-03-02,Active
883,162,DC Fast,86.27,CCS,2021-07-04,Active
884,162,AC,10.87,Type 2,2021-03-05,Offline
885,162,DC Ultra-Fast,195.12,CCS,2021-06-06,Active
886,162,AC,12.73,Type 2,2021-06-12,Active
887,163,DC Fast,58.11,CHAdeMO,2021-06-15,Active
888,163,AC,9.08,Type 2,2021-03-28,Active
889,163,DC Fast,77.14,CCS,2021-06-11,Maintenance
890,163,DC Ultra-Fast,179.03,CCS,2021-05-13,Active
891,164,DC Ultra-Fast,173.68,CCS,2022-06-12,Active
892,164,DC Fast,109.21,CHAdeMO,2022-08-19,Active
893,164,DC Fast,103.95,CHAdeMO,2022-06-13,Active
894,164,AC,9.77,Type 2,2022-10-08,Active
895,164,AC,10.48,Type 2,2022-08-05,Active
896,164,DC Fast,42.07,CHAdeMO,2022-10-19,Active
897,164,DC Ultra-Fast,248.29,CCS,2022-06-16,Active
898,165,DC Fast,117.19,CHAdeMO,2022-09-25,Active
899,165,DC Fast,48.26,CCS,2022-06-28,Active
900,165,DC Ultra-Fast,237.86,CCS,2022-12-05,Active
901,166,DC Ultra-Fast,235.51,CCS,2022-09-28,Active
902,166,DC Fast,58.16,CCS,2022-09-06,Active
903,166,DC Fast,109.0,CCS,2022-09-05,Active
904,166,DC Ultra-Fast,157.85,CCS,2022-09-05,Active
905,166,DC Ultra-Fast,187.97,CCS,2022-08-05,Active
906,166,DC Fast,55.73,CCS,2022-08-12,Active
907,167,DC Fast,111.33,CHAdeMO,2023-04-02,Active
908,167,DC Fast,40.19,CCS,2023-01-27,Active
909,167,DC Fast,46.1,CCS,2023-02-12,Active
910,168,DC Fast,111.64,CCS,2021-06-22,Active
911,168,DC Fast,87.07,CCS,2021-10-03,Active
912,168,DC Fast,117.77,CCS,2021-08-26,Active
913,168,AC,9.56,Type 2,2021-10-13,Active
914,168,DC Ultra-Fast,182.42,CCS,2021-07-06,Active
915,169,DC Fast,57.86,CHAdeMO,2022-02-15,Active
916,169,AC,8.97,Type 2,2021-12-04,Active
917,169,AC,13.88,Type 2,2022-04-22,Active
918,170,DC Ultra-Fast,197.58,CCS,2022-11-27,Active
919,170,AC,16.0,Type 2,2022-12-21,Active
920,170,DC Fast,103.81,CCS,2022-08-15,Active
921,170,AC,12.24,Type 2,2022-08-11,Active
922,170,DC Fast,56.86,CCS,2022-08-15,Active
923,170,DC Ultra-Fast,182.27,CCS,2023-01-06,Active
924,170,DC Fast,81.51,CCS,2022-11-27,Active
925,171,DC Ultra-Fast,168.63,CCS,2022-12-05,Active
926,171,DC Fast,36.09,CHAdeMO,2023-02-01,Active
927,171,DC Fast,40.98,CHAdeMO,2022-12-07,Active
928,171,DC Fast,92.62,CCS,2022-10-11,Active
929,171,DC Ultra-Fast,255.79,CCS,2023-01-15,Active
930,172,DC Ultra-Fast,347.26,CCS,2021-05-08,Active
931,172,AC,14.88,Type 2,2021-02-21,Active
932,172,DC Fast,95.63,CHAdeMO,2021-05-25,Active
933,172,DC Ultra-Fast,196.54,CCS,2021-03-09,Active
934,172,AC,16.38,Type 2,2021-03-13,Active
935,172,DC Ultra-Fast,232.81,CCS,2021-04-18,Active
936,172,DC Fast,31.02,CCS,2021-07-14,Active
937,173,AC,14.6,Type 2,2021-06-11,Active
938,173,AC,12.94,Type 2,2021-07-24,Active
939,173,DC Fast,113.01,CHAdeMO,2021-10-09,Active
940,174,AC,9.33,Type 2,2022-02-05,Active
941,174,DC Fast,103.27,CCS,2022-02-01,Active
942,174,DC Fast,58.4,CCS,2021-11-13,Active
943,174,AC,20.74,Type 2,2021-10-07,Offline
944,174,AC,7.47,Type 2,2022-02-28,Active
945,174,AC,16.09,Type 2,2022-02-20,Active
946,174,DC Fast,57.75,CHAdeMO,2021-09-29,Active
947,174,AC,20.16,Type 2,2022-01-14,Active
948,175,AC,11.53,Type 2,2021-05-23,Active
949,175,DC Fast,112.2,CHAdeMO,2021-06-26,Active
950,175,DC Fast,75.0,CCS,2021-05-15,Offline
951,175,DC Fast,77.13,CHAdeMO,2021-03-25,Active
952,175,AC,21.73,Type 2,2021-04-10,Active
953,176,DC Fast,107.83,CCS,2021-05-03,Active
954,176,AC,19.72,Type 2,2021-07-26,Active
955,176,AC,14.81,Type 2,2021-05-07,Active
956,176,AC,20.38,Type 2,2021-06-22,Active
957,176,AC,11.79,Type 2,2021-10-20,Active
958,176,AC,11.1,Type 2,2021-10-08,Active
959,177,AC,12.25,Type 2,2021-06-22,Active
960,177,DC Fast,55.49,CCS,2021-05-27,Active
961,177,DC Fast,60.49,CHAdeMO,2021-04-26,Active
962,178,DC Ultra-Fast,160.09,CCS,2021-11-04,Active
963,178,DC Fast,93.42,CHAdeMO,2022-03-28,Active
964,178,AC,9.97,Type 2,2022-02-18,Active
965,178,AC,19.04,Type 2,2021-11-15,Active
966,178,DC Fast,93.92,CHAdeMO,2022-02-19,Active
967,178,AC,19.92,Type 2,2022-01-23,Active
968,179,DC Ultra-Fast,216.07,CCS,2022-01-26,Active
969,179,AC,8.69,Type 2,2022-01-28,Active
970,179,AC,12.23,Type 2,2022-02-09,Active
971,179,DC Fast,101.71,CHAdeMO,2022-02-21,Active
972,179,DC Fast,77.95,CHAdeMO,2022-03-02,Active
973,179,DC Fast,79.32,CHAdeMO,2022-01-08,Active
974,179,AC,17.41,Type 2,2022-01-21,Active
975,179,AC,17.41,Type 2,2022-03-20,Active
976,180,DC Ultra-Fast,264.84,CCS,2021-10-27,Active
977,180,DC Fast,79.96,CHAdeMO,2021-11-12,Active
978,180,DC Fast,83.84,CHAdeMO,2021-12-20,Active
979,180,DC Fast,38.15,CCS,2022-02-23,Active
980,180,DC Fast,30.02,CCS,2022-03-16,Active
981,180,DC Fast,65.1,CHAdeMO,2021-11-17,Active
982,180,DC Ultra-Fast,209.95,CCS,2022-01-17,Active
983,180,DC Ultra-Fast,348.06,CCS,2022-03-03,Maintenance
984,181,DC Fast,106.73,CCS,2021-06-22,Active
985,181,DC Ultra-Fast,150.17,CCS,2021-04-17,Active
986,181,DC Ultra-Fast,197.05,CCS,2021-08-27,Active
987,181,DC Fast,64.34,CCS,2021-09-05,Active
988,181,AC,15.33,Type 2,2021-07-04,Active
989,181,DC Ultra-Fast,284.01,CCS,2021-03-22,Active
990,182,AC,20.27,Type 2,2021-09-26,Active
991,182,DC Fast,67.43,CHAdeMO,2022-02-17,Active
992,182,DC Fast,46.18,CHAdeMO,2022-01-11,Active
993,183,DC Fast,46.72,CCS,2022-03-04,Active
994,183,DC Fast,94.09,CHAdeMO,2022-01-21,Offline
995,183,DC Fast,33.01,CCS,2022-03-02,Active
996,183,DC Fast,82.22,CCS,2021-11-13,Active
997,183,DC Fast,107.34,CHAdeMO,2022-02-04,Active
998,183,DC Fast,84.91,CCS,2022-02-05,Active
999,184,DC Ultra-Fast,165.62,CCS,2022-10-09,Active
1000,184,AC,18.68,Type 2,2022-08-30,Active
1001,184,DC Fast,96.04,CHAdeMO,2022-08-04,Offline
1002,184,DC Fast,56.03,CCS,2022-10-30,Offline
1003,184,DC Fast,95.43,CHAdeMO,2022-05-21,Active
1004,184,DC Fast,81.56,CHAdeMO,2022-10-12,Active
1005,184,DC Fast,41.41,CCS,2022-07-16,Active
1006,184,DC Fast,54.77,CHAdeMO,2022-05-09,Active
1007,185,AC,15.88,Type 2,2021-12-12,Active
1008,185,DC Fast,53.51,CCS,2021-10-29,Active
1009,185,DC Fast,32.98,CCS,2021-08-03,Active
1010,185,DC Fast,105.39,CHAdeMO,2021-10-03,Active
1011,185,DC Fast,87.38,CCS,2021-11-21,Active
1012,185,AC,16.63,Type 2,2021-07-10,Active
1013,185,DC Fast,57.12,CCS,2021-10-02,Active
1014,186,DC Fast,43.06,CHAdeMO,2022-05-13,Active
1015,186,DC Fast,64.38,CHAdeMO,2022-09-22,Active
1016,186,AC,20.77,Type 2,2022-08-28,Active
1017,186,DC Fast,54.53,CHAdeMO,2022-07-17,Active
1018,186,AC,15.76,Type 2,2022-10-29,Active
1019,186,DC Fast,82.99,CCS,2022-09-20,Active
