maintenance_id,charger_id,issue_type,reported_date,resolved_date,downtime_hours,maintenance_cost,status
1,3,Cooling System,2023-05-03,2023-05-04 06:04:48,30.08,13884.35,Resolved
2,3,Cooling System,2023-06-02,2023-06-03 08:31:48,32.53,2435.64,Resolved
3,3,Connector,2023-09-29,2023-09-30 22:03:00,46.05,6943.02,Resolved
4,4,Software,2025-03-17,2025-03-17 09:58:12,9.97,12832.31,Resolved
5,4,Hardware,2025-04-28,2025-04-30 17:52:12,65.87,4674.67,Resolved
6,5,Cooling System,2024-06-09,2024-06-10 04:24:36,28.41,11377.88,Resolved
7,7,Power Supply,2024-01-27,2024-01-29 15:59:24,63.99,13761.67,Resolved
8,7,Connector,2024-04-02,2024-04-02 10:06:36,10.11,13704.55,Resolved
9,7,Power Supply,2024-09-07,2024-09-09 20:09:36,68.16,6315.31,Resolved
10,8,Cooling System,2023-12-26,2023-12-27 09:10:48,33.18,13223.34,Resolved
11,8,Power Supply,2023-02-27,2023-03-01 02:29:24,50.49,4910.78,Resolved
12,8,Software,2023-10-30,2023-10-30 22:41:24,22.69,12814.84,Resolved
13,10,Power Supply,2024-03-26,2024-03-28 07:20:24,55.34,8423.74,Resolved
14,11,Cooling System,2023-10-04,2023-10-04 12:49:12,12.82,5964.8,Resolved
15,11,Connector,2025-06-15,2025-06-16 19:03:36,43.06,11631.74,Resolved
16,12,Hardware,2024-09-29,2024-10-01 11:09:36,59.16,12560.23,Resolved
17,12,Connector,2025-08-18,2025-08-20 22:45:00,70.75,940.21,Resolved
18,12,Hardware,2023-02-09,2023-02-09 06:12:36,6.21,9302.22,Resolved
19,12,Hardware,2025-02-06,2025-02-07 18:45:36,42.76,11266.44,Resolved
20,14,Cooling System,2023-04-20,2023-04-22 17:07:12,65.12,9343.0,Resolved
21,18,Power Supply,2023-01-16,2023-01-17 19:40:48,43.68,10031.07,Resolved
22,18,Hardware,2024-03-08,2024-03-09 09:35:24,33.59,9150.62,Resolved
23,19,Software,2023-04-25,2023-04-25 23:46:48,23.78,12514.5,Resolved
24,23,Cooling System,2023-04-19,2023-04-19 20:31:12,20.52,4287.68,Resolved
25,23,Hardware,2023-07-15,2023-07-15 11:12:00,11.2,9582.03,Resolved
26,23,Power Supply,2024-08-27,2024-08-27 04:44:24,4.74,2460.41,Resolved
27,23,Cooling System,2023-08-21,2023-08-22 09:16:48,33.28,6344.52,Resolved
28,24,Cooling System,2023-12-10,2023-12-11 10:55:48,34.93,13012.13,Resolved
29,24,Connector,2023-08-10,2023-08-12 03:05:24,51.09,14020.95,Resolved
30,24,Hardware,2024-08-07,2024-08-09 11:18:36,59.31,5104.45,Resolved
31,25,Power Supply,2025-05-29,2025-05-30 18:34:48,42.58,2913.45,Resolved
32,28,Power Supply,2023-06-13,2023-06-15 21:06:00,69.1,10273.16,Resolved
33,28,Connector,2025-08-07,2025-08-07 03:03:36,3.06,3287.38,Resolved
34,28,Connector,2025-01-15,2025-01-15 23:42:36,23.71,14752.78,Resolved
35,30,Power Supply,2025-12-06,2025-12-08 17:37:48,65.63,3647.36,Resolved
36,32,Software,2023-03-22,2023-03-22 02:07:12,2.12,13845.24,Resolved
37,33,Power Supply,2025-01-22,2025-01-23 01:12:36,25.21,3683.43,Resolved
38,34,Cooling System,2024-06-01,2024-06-02 15:43:48,39.73,1482.85,Resolved
39,34,Software,2025-11-22,2025-11-22 18:57:36,18.96,13082.64,Resolved
40,35,Connector,2025-01-24,2025-01-25 17:12:36,41.21,3232.88,Resolved
41,35,Cooling System,2025-08-07,2025-08-08 17:39:36,41.66,7105.52,Resolved
42,35,Software,2024-11-07,2024-11-09 08:55:12,56.92,10599.25,Resolved
43,36,Software,2023-03-03,2023-03-04 14:07:12,38.12,3342.31,Resolved
44,36,Hardware,2025-09-05,2025-09-06 11:33:36,35.56,10577.98,Resolved
45,37,Power Supply,2024-08-11,2024-08-12 18:27:36,42.46,14617.25,Resolved
46,37,Power Supply,2024-04-30,2024-05-01 02:52:12,26.87,1341.55,Resolved
47,39,Hardware,2025-06-25,2025-06-26 23:07:48,47.13,14247.56,Resolved
48,41,Hardware,2025-12-03,2025-12-03 16:00:36,16.01,11145.46,Resolved
49,41,Power Supply,2024-03-07,2024-03-09 20:18:36,68.31,9395.64,Resolved
50,42,Cooling System,2025-02-16,2025-02-17 14:34:48,38.58,9524.39,Resolved
51,43,Connector,2023-01-21,2023-01-21 04:45:00,4.75,6761.93,Resolved
52,48,Connector,2023-11-07,2023-11-08 19:57:36,43.96,14487.51,Resolved
53,48,Hardware,2023-01-09,2023-01-11 21:27:00,69.45,1747.64,Resolved
54,48,Power Supply,2023-12-12,2023-12-13 10:27:36,34.46,7884.4,Resolved
55,49,Cooling System,2025-11-18,2025-11-18 09:41:24,9.69,11120.76,Resolved
56,49,Power Supply,2024-09-09,2024-09-11 08:57:00,56.95,9493.98,Resolved
57,49,Software,2023-08-02,2023-08-02 21:01:12,21.02,9018.98,Resolved
58,49,Connector,2023-02-14,2023-02-15 17:40:12,41.67,4120.82,Resolved
59,50,Hardware,2025-05-21,2025-05-21 20:42:00,20.7,14027.9,Resolved
60,51,Hardware,2023-04-25,2023-04-27 03:42:36,51.71,3221.11,Resolved
61,54,Cooling System,2024-08-27,2024-08-27 15:25:48,15.43,13700.33,Resolved
62,54,Connector,2025-07-10,2025-07-12 20:09:36,68.16,894.85,Resolved
63,54,Connector,2025-07-29,2025-07-31 19:23:24,67.39,10889.24,Resolved
64,56,Power Supply,2023-04-27,2023-04-27 07:51:36,7.86,2520.99,Resolved
65,56,Power Supply,2024-11-23,2024-11-24 10:18:00,34.3,8404.2,Resolved
66,56,Cooling System,2023-02-22,2023-02-23 15:14:24,39.24,13095.37,Resolved
67,57,Power Supply,2024-12-17,2024-12-17 15:46:48,15.78,11518.95,Resolved
68,57,Power Supply,2025-07-27,2025-07-27 11:35:24,11.59,14152.89,Resolved
69,58,Power Supply,2024-04-21,2024-04-22 23:42:36,47.71,12595.93,Resolved
70,58,Power Supply,2024-10-08,2024-10-08 22:34:48,22.58,11123.52,Resolved
71,59,Power Supply,2023-11-02,2023-11-04 05:45:36,53.76,11572.36,Resolved
72,60,Cooling System,2024-04-01,2024-04-03 12:58:12,60.97,8907.03,Resolved
73,60,Software,2024-04-10,2024-04-11 18:52:48,42.88,869.0,Resolved
74,60,Hardware,2025-05-30,2025-06-01 18:30:00,66.5,14031.76,Resolved
75,60,Hardware,2024-12-06,2024-12-08 08:46:12,56.77,9193.68,Resolved
76,61,Connector,2024-07-23,2024-07-25 18:24:36,66.41,8660.61,Resolved
77,61,Power Supply,2023-01-27,2023-01-29 17:13:48,65.23,5694.49,Resolved
78,61,Hardware,2024-12-29,2024-12-31 09:12:00,57.2,10357.45,Resolved
79,62,Software,2024-02-06,2024-02-07 09:28:48,33.48,14640.73,Resolved
80,63,Software,2023-10-05,2023-10-05 13:54:36,13.91,4467.92,Resolved
81,63,Power Supply,2024-12-11,2024-12-13 05:26:24,53.44,6870.68,Resolved
82,64,Software,2024-08-11,2024-08-13 03:28:48,51.48,11074.18,Resolved
83,67,Cooling System,2023-02-16,2023-02-18 01:21:36,49.36,1213.39,Resolved
84,68,Cooling System,2024-06-11,2024-06-13 05:55:12,53.92,9952.06,Resolved
85,70,Hardware,2023-10-06,2023-10-06 17:54:00,17.9,10270.16,Resolved
86,71,Connector,2024-02-01,2024-02-03 12:01:12,60.02,6067.13,Resolved
87,74,Software,2024-10-31,2024-11-01 01:48:00,25.8,12342.11,Resolved
88,76,Software,2024-03-21,2024-03-23 15:53:24,63.89,6476.56,Resolved
89,76,Cooling System,2023-12-27,2023-12-28 11:50:24,35.84,10525.35,Resolved
90,79,Cooling System,2025-07-16,2025-07-18 02:36:36,50.61,10033.7,Resolved
91,79,Software,2024-10-01,2024-10-02 13:25:48,37.43,14389.01,Resolved
92,79,Cooling System,2024-01-06,2024-01-06 19:07:12,19.12,9764.38,Resolved
93,80,Hardware,2023-11-30,2023-12-02 22:21:00,70.35,9678.33,Resolved
94,80,Cooling System,2024-12-08,2024-12-08 04:18:00,4.3,11936.34,Resolved
95,83,Power Supply,2024-02-22,2024-02-22 23:18:00,23.3,12132.06,Resolved
96,84,Connector,2024-02-06,2024-02-07 12:20:24,36.34,2730.66,Resolved
97,87,Connector,2025-06-23,2025-06-24 02:45:36,26.76,12433.25,Resolved
98,89,Hardware,2025-10-30,2025-11-01 04:04:12,52.07,11583.76,Resolved
99,90,Power Supply,2024-07-19,2024-07-21 02:13:48,50.23,6331.28,Resolved
100,90,Power Supply,2023-10-08,2023-10-09 19:22:12,43.37,4863.35,Resolved
101,90,Connector,2024-11-27,2024-11-29 13:31:48,61.53,10457.88,Resolved
102,90,Hardware,2023-05-01,2023-05-01 23:49:12,23.82,10396.39,Resolved
103,91,Hardware,2025-01-02,2025-01-04 07:06:36,55.11,11962.9,Resolved
104,91,Software,2025-08-11,2025-08-13 14:13:48,62.23,9088.68,Resolved
105,91,Software,2023-11-28,2023-11-28 13:51:00,13.85,5708.75,Resolved
106,91,Connector,2024-10-23,2024-10-25 15:18:36,63.31,13886.01,Resolved
107,92,Connector,2025-02-06,2025-02-06 23:40:12,23.67,11889.67,Resolved
108,93,Power Supply,2024-08-13,2024-08-13 02:09:36,2.16,6010.44,Resolved
109,94,Software,2025-10-02,2025-10-03 06:07:48,30.13,4818.99,Resolved
110,97,Cooling System,2023-06-22,2023-06-23 13:11:24,37.19,7476.09,Resolved
111,97,Power Supply,2025-05-05,2025-05-06 10:47:24,34.79,10642.74,Resolved
112,99,Power Supply,2024-07-05,2024-07-06 02:09:00,26.15,3599.04,Resolved
113,100,Software,2023-10-28,2023-10-30 01:36:00,49.6,10990.53,Resolved
114,100,Connector,2025-07-13,2025-07-13 19:31:48,19.53,4365.67,Resolved
115,100,Software,2023-01-02,2023-01-04 03:32:24,51.54,11391.27,Resolved
116,100,Software,2024-11-01,2024-11-02 23:17:24,47.29,13351.94,Resolved
117,101,Cooling System,2024-06-15,2024-06-15 11:07:12,11.12,8704.62,Resolved
118,101,Connector,2023-12-06,2023-12-08 20:26:24,68.44,8937.16,Resolved
119,103,Power Supply,2025-04-15,2025-04-16 05:31:12,29.52,3569.99,Resolved
120,103,Hardware,2023-11-13,2023-11-13 16:49:48,16.83,9327.53,Resolved
121,104,Software,2025-12-05,2025-12-07 05:43:48,53.73,5459.36,Resolved
122,104,Connector,2023-10-24,2023-10-25 13:22:48,37.38,7850.18,Resolved
123,105,Power Supply,2024-10-31,2024-11-02 20:49:48,68.83,14574.38,Resolved
124,106,Connector,2025-01-29,2025-01-29 20:06:36,20.11,4930.49,Resolved
125,106,Power Supply,2023-08-23,2023-08-23 20:03:00,20.05,13653.4,Resolved
126,106,Hardware,2025-01-26,2025-01-26 23:07:48,23.13,4255.39,Resolved
127,106,Hardware,2024-08-13,2024-08-15 02:43:12,50.72,3484.94,Resolved
128,108,Connector,2024-11-11,2024-11-12 13:21:36,37.36,4531.22,Resolved
129,108,Connector,2023-11-22,2023-11-22 05:53:24,5.89,11624.04,Resolved
130,110,Cooling System,2023-12-24,2023-12-26 22:37:12,70.62,811.11,Resolved
131,111,Cooling System,2024-01-22,2024-01-22 16:34:48,16.58,5378.99,Resolved
132,113,Software,2023-05-04,2023-05-05 13:59:24,37.99,6769.89,Resolved
133,113,Cooling System,2023-03-28,2023-03-30 04:00:36,52.01,1594.95,Resolved
134,114,Connector,2024-05-30,2024-06-01 07:58:12,55.97,12994.18,Resolved
135,114,Hardware,2023-03-18,2023-03-18 15:35:24,15.59,4846.45,Resolved
136,115,Cooling System,2024-01-19,2024-01-21 12:59:24,60.99,886.93,Resolved
137,115,Power Supply,2023-12-12,2023-12-13 01:02:24,25.04,2065.24,Resolved
138,115,Connector,2024-06-18,2024-06-18 05:46:48,5.78,2306.43,Resolved
139,115,Power Supply,2024-09-09,2024-09-10 05:00:00,29.0,13596.27,Resolved
140,116,Connector,2025-12-05,2025-12-07 06:13:48,54.23,13087.25,Resolved
141,116,Software,2025-11-05,2025-11-05 16:58:12,16.97,11760.07,Resolved
142,117,Power Supply,2024-11-23,2024-11-23 03:54:00,3.9,4623.57,Resolved
143,117,Cooling System,2023-07-31,2023-08-01 19:27:36,43.46,2437.93,Resolved
144,117,Hardware,2024-08-26,2024-08-26 04:36:36,4.61,14074.33,Resolved
145,117,Hardware,2025-01-30,2025-01-31 08:24:00,32.4,12565.19,Resolved
146,118,Power Supply,2024-11-29,2024-11-29 23:54:36,23.91,6840.46,Resolved
147,118,Cooling System,2023-03-05,2023-03-06 09:57:00,33.95,8728.0,Resolved
148,119,Hardware,2024-12-30,2024-12-31 02:32:24,26.54,11089.84,Resolved
149,120,Hardware,2024-02-26,2024-02-27 12:07:48,36.13,14203.99,Resolved
150,120,Software,2024-10-01,2024-10-01 03:19:48,3.33,11711.24,Resolved
151,120,Cooling System,2023-03-01,2023-03-02 06:21:36,30.36,13145.64,Resolved
152,122,Connector,2024-09-18,2024-09-20 01:17:24,49.29,3463.85,Resolved
153,122,Cooling System,2024-12-18,2024-12-18 08:13:48,8.23,6593.27,Resolved
154,122,Power Supply,2024-07-21,2024-07-22 14:08:24,38.14,9488.75,Resolved
155,123,Hardware,2024-01-10,2024-01-12 07:14:24,55.24,3916.5,Resolved
156,123,Hardware,2023-10-13,2023-10-14 13:46:12,37.77,1635.86,Resolved
157,123,Software,2025-07-25,2025-07-25 02:07:12,2.12,6526.91,Resolved
158,124,Power Supply,2024-10-18,2024-10-19 17:46:48,41.78,10901.06,Resolved
159,124,Hardware,2023-12-01,2023-12-03 07:39:36,55.66,10074.85,Resolved
160,125,Power Supply,2025-05-31,2025-06-02 02:36:00,50.6,11642.58,Resolved
161,125,Software,2024-04-23,2024-04-24 01:51:00,25.85,2732.22,Resolved
162,125,Connector,2023-07-29,2023-07-29 04:22:48,4.38,11359.29,Resolved
163,127,Hardware,2025-09-01,2025-09-01 02:42:00,2.7,9004.07,Resolved
164,128,Power Supply,2024-07-26,2024-07-28 08:06:00,56.1,2526.35,Resolved
165,129,Connector,2023-09-04,2023-09-04 10:27:00,10.45,11333.24,Resolved
166,129,Software,2024-03-25,2024-03-26 18:54:36,42.91,3531.2,Resolved
167,130,Software,2023-10-21,2023-10-21 21:43:48,21.73,14698.82,Resolved
168,130,Connector,2025-12-19,2025-12-20 15:18:00,39.3,6499.62,Resolved
169,130,Hardware,2024-07-24,2024-07-25 15:55:12,39.92,4936.7,Resolved
170,133,Hardware,2023-11-13,2023-11-14 03:47:24,27.79,14213.56,Resolved
171,133,Hardware,2025-11-03,2025-11-05 05:31:48,53.53,5534.73,Resolved
172,134,Software,2023-11-15,2023-11-15 23:36:36,23.61,3670.6,Resolved
173,136,Hardware,2025-09-24,2025-09-25 19:52:48,43.88,4872.07,Resolved
174,136,Cooling System,2024-10-07,2024-10-09 08:18:36,56.31,5855.46,Resolved
175,136,Hardware,2023-10-22,2023-10-24 05:00:36,53.01,8427.53,Resolved
176,136,Connector,2025-10-20,2025-10-21 04:37:12,28.62,8036.65,Resolved
177,137,Power Supply,2023-07-12,2023-07-12 19:17:24,19.29,8289.0,Resolved
178,137,Connector,2025-10-27,2025-10-27 18:43:12,18.72,12717.09,Resolved
179,138,Cooling System,2025-10-28,2025-10-29 17:42:00,41.7,3821.41,Resolved
180,140,Power Supply,2023-06-21,2023-06-23 17:15:00,65.25,13683.1,Resolved
181,140,Hardware,2025-07-23,2025-07-24 11:00:00,35.0,5676.62,Resolved
182,141,Connector,2023-02-12,2023-02-12 15:48:00,15.8,10987.33,Resolved
183,141,Software,2023-02-11,2023-02-11 09:43:12,9.72,9822.77,Resolved
184,141,Connector,2024-09-13,2024-09-14 13:11:24,37.19,1344.2,Resolved
185,142,Hardware,2025-11-14,2025-11-16 18:49:12,66.82,9124.03,Resolved
186,143,Power Supply,2024-09-20,2024-09-21 00:19:12,24.32,5991.98,Resolved
187,144,Cooling System,2025-04-24,2025-04-25 06:44:24,30.74,5554.55,Resolved
188,147,Connector,2024-08-24,2024-08-24 05:01:12,5.02,3419.66,Resolved
189,147,Power Supply,2023-07-22,2023-07-23 12:58:12,36.97,1446.32,Resolved
190,148,Cooling System,2024-07-04,2024-07-06 06:58:12,54.97,13157.95,Resolved
191,149,Power Supply,2023-04-29,2023-05-01 13:06:00,61.1,12310.57,Resolved
192,149,Hardware,2023-01-05,2023-01-07 16:58:48,64.98,3488.78,Resolved
193,152,Cooling System,2023-05-11,2023-05-12 01:34:48,25.58,11114.98,Resolved
194,152,Cooling System,2025-03-16,2025-03-17 14:05:24,38.09,7606.79,Resolved
195,155,Software,2023-11-02,2023-11-03 02:36:00,26.6,13116.65,Resolved
196,156,Power Supply,2024-01-04,2024-01-06 15:44:24,63.74,4955.51,Resolved
197,157,Power Supply,2024-07-04,2024-07-05 11:49:48,35.83,9725.23,Resolved
198,157,Hardware,2024-04-03,2024-04-03 03:49:48,3.83,1959.63,Resolved
199,157,Connector,2025-09-26,2025-09-26 06:08:24,6.14,6966.25,Resolved
200,157,Hardware,2025-06-30,2025-07-02 16:02:24,64.04,14739.44,Resolved
201,158,Software,2024-04-22,2024-04-23 01:01:48,25.03,10593.74,Resolved
202,158,Connector,2024-03-11,2024-03-11 02:26:24,2.44,10530.43,Resolved
203,158,Cooling System,2025-02-25,2025-02-26 03:19:12,27.32,13800.1,Resolved
204,159,Cooling System,2023-04-24,2023-04-25 11:46:48,35.78,9525.98,Resolved
205,160,Software,2023-05-18,2023-05-19 02:27:36,26.46,10607.66,Resolved
206,160,Connector,2024-02-19,2024-02-21 18:24:36,66.41,7170.66,Resolved
207,160,Cooling System,2024-04-19,2024-04-19 12:57:00,12.95,4252.2,Resolved
208,160,Power Supply,2024-12-08,2024-12-09 07:52:12,31.87,11038.62,Resolved
209,161,Software,2025-10-25,2025-10-25 06:54:00,6.9,10915.05,Resolved
210,163,Software,2024-09-12,2024-09-13 14:22:48,38.38,13856.17,Resolved
211,163,Cooling System,2025-11-19,2025-11-19 08:08:24,8.14,5838.37,Resolved
212,164,Software,2025-03-05,2025-03-05 02:46:12,2.77,12951.23,Resolved
213,165,Software,2024-03-16,2024-03-16 13:51:36,13.86,551.27,Resolved
214,165,Software,2025-06-19,2025-06-21 12:03:36,60.06,14477.97,Resolved
215,166,Cooling System,2025-02-17,2025-02-19 15:47:24,63.79,12716.08,Resolved
216,167,Hardware,2023-08-02,2023-08-02 16:20:24,16.34,1584.59,Resolved
217,167,Power Supply,2025-12-08,2025-12-08 19:39:00,19.65,11282.93,Resolved
218,167,Hardware,2023-05-28,2023-05-29 21:37:48,45.63,7848.82,Resolved
219,167,Connector,2025-09-30,2025-10-02 16:58:12,64.97,2859.63,Resolved
220,169,Software,2024-01-24,2024-01-24 08:57:36,8.96,14917.7,Resolved
221,169,Connector,2023-06-07,2023-06-08 02:15:36,26.26,14059.48,Resolved
222,169,Software,2024-10-06,2024-10-08 03:26:24,51.44,14862.0,Resolved
223,171,Connector,2025-12-18,2025-12-20 03:24:36,51.41,3678.69,Resolved
224,171,Software,2024-02-08,2024-02-09 11:46:12,35.77,9402.93,Resolved
225,172,Power Supply,2024-09-12,2024-09-14 21:34:12,69.57,4102.35,Resolved
226,172,Connector,2025-04-27,2025-04-28 07:30:00,31.5,4969.25,Resolved
227,172,Hardware,2024-01-25,2024-01-26 05:03:36,29.06,6497.73,Resolved
228,173,Power Supply,2025-09-17,2025-09-18 01:01:48,25.03,10225.5,Resolved
229,173,Connector,2023-05-09,2023-05-10 13:41:24,37.69,6548.77,Resolved
230,175,Hardware,2023-03-20,2023-03-21 05:46:12,29.77,4671.3,Resolved
231,177,Cooling System,2024-03-07,2024-03-07 10:31:12,10.52,12905.68,Resolved
232,177,Connector,2025-12-05,2025-12-06 22:09:00,46.15,2074.37,Resolved
233,177,Power Supply,2023-07-09,2023-07-11 01:26:24,49.44,12041.17,Resolved
234,177,Cooling System,2023-11-01,2023-11-02 10:00:36,34.01,565.94,Resolved
235,178,Software,2025-10-15,2025-10-15 02:34:48,2.58,5417.18,Resolved
236,180,Cooling System,2024-06-09,2024-06-11 18:57:36,66.96,4872.82,Resolved
237,181,Power Supply,2025-01-02,2025-01-04 02:48:36,50.81,2544.21,Resolved
238,181,Hardware,2024-03-26,2024-03-26 09:34:12,9.57,3011.82,Resolved
239,181,Software,2024-06-04,2024-06-04 06:04:12,6.07,4653.92,Resolved
240,182,Power Supply,2023-08-09,2023-08-10 11:55:12,35.92,895.1,Resolved
241,183,Software,2023-07-02,2023-07-02 22:51:36,22.86,13604.78,Resolved
242,183,Cooling System,2023-02-23,2023-02-24 02:04:12,26.07,2495.93,Resolved
243,184,Software,2024-05-16,2024-05-16 07:10:48,7.18,10547.41,Resolved
244,185,Software,2025-05-09,2025-05-10 20:46:12,44.77,5367.28,Resolved
245,188,Power Supply,2025-08-31,2025-08-31 12:30:00,12.5,6789.54,Resolved
246,189,Connector,2024-12-12,2024-12-12 21:51:00,21.85,10804.63,Resolved
247,189,Connector,2025-06-27,2025-06-28 02:41:24,26.69,2780.72,Resolved
248,189,Software,2023-12-25,2023-12-27 18:11:24,66.19,9800.85,Resolved
249,189,Software,2024-12-17,2024-12-18 19:16:48,43.28,11641.51,Resolved
250,191,Hardware,2025-02-04,2025-02-06 14:22:12,62.37,3295.69,Resolved
251,195,Software,2024-06-12,2024-06-14 04:27:36,52.46,2541.97,Resolved
252,195,Software,2024-03-24,2024-03-24 21:51:00,21.85,5347.18,Resolved
253,197,Software,2023-11-08,2023-11-08 03:49:12,3.82,11624.55,Resolved
254,197,Cooling System,2023-05-13,2023-05-15 21:07:12,69.12,7241.57,Resolved
255,198,Hardware,2025-06-03,2025-06-04 05:51:36,29.86,2521.06,Resolved
256,199,Software,2024-06-01,2024-06-01 11:21:00,11.35,2276.17,Resolved
257,201,Software,2025-07-21,2025-07-21 14:33:36,14.56,9452.98,Resolved
258,202,Cooling System,2024-05-03,2024-05-04 08:03:00,32.05,11250.02,Resolved
259,202,Power Supply,2025-06-21,2025-06-23 13:28:12,61.47,11879.99,Resolved
260,205,Software,2025-05-12,2025-05-13 08:03:36,32.06,14180.08,Resolved
261,205,Connector,2024-05-20,2024-05-20 09:21:00,9.35,1194.06,Resolved
262,208,Hardware,2025-08-07,2025-08-09 01:34:12,49.57,1605.9,Resolved
263,208,Power Supply,2025-01-12,2025-01-12 03:55:48,3.93,4387.61,Resolved
264,209,Hardware,2023-08-20,2023-08-21 23:11:24,47.19,11459.11,Resolved
265,209,Power Supply,2024-05-27,2024-05-29 16:39:00,64.65,13874.78,Resolved
266,209,Cooling System,2024-04-30,2024-04-30 08:11:24,8.19,2889.36,Resolved
267,209,Software,2025-01-01,2025-01-01 22:55:12,22.92,6127.42,Resolved
268,210,Power Supply,2023-08-14,2023-08-15 16:42:36,40.71,6925.13,Resolved
269,212,Hardware,2024-06-11,2024-06-12 23:32:24,47.54,4622.95,Resolved
270,213,Hardware,2025-06-08,2025-06-09 02:40:12,26.67,2444.42,Resolved
271,214,Software,2023-01-20,2023-01-20 21:51:00,21.85,917.58,Resolved
272,216,Connector,2024-12-10,2024-12-11 04:25:12,28.42,5266.57,Resolved
273,216,Software,2024-07-25,2024-07-25 14:20:24,14.34,9023.04,Resolved
274,218,Hardware,2023-07-19,2023-07-20 20:14:24,44.24,10218.89,Resolved
275,218,Connector,2023-01-12,2023-01-13 01:06:36,25.11,2586.37,Resolved
276,225,Connector,2025-09-18,2025-09-18 13:00:36,13.01,10388.41,Resolved
277,226,Power Supply,2023-10-19,2023-10-21 10:52:48,58.88,4433.87,Resolved
278,226,Power Supply,2023-08-04,2023-08-06 12:54:36,60.91,6778.45,Resolved
279,226,Power Supply,2025-02-09,2025-02-09 15:31:12,15.52,8048.12,Resolved
280,227,Connector,2025-12-28,2025-12-28 04:10:48,4.18,4238.14,Resolved
281,231,Connector,2024-11-18,2024-11-19 14:46:48,38.78,4300.49,Resolved
282,231,Cooling System,2025-01-03,2025-01-03 10:06:00,10.1,4438.92,Resolved
283,233,Connector,2023-03-07,2023-03-09 10:33:36,58.56,11532.52,Resolved
284,234,Software,2024-12-12,2024-12-13 22:07:48,46.13,2890.99,Resolved
285,235,Cooling System,2024-05-19,2024-05-19 08:29:24,8.49,9390.89,Resolved
286,235,Hardware,2025-07-05,2025-07-06 03:47:24,27.79,8624.59,Resolved
287,240,Cooling System,2023-05-25,2023-05-27 03:06:00,51.1,5082.19,Resolved
288,240,Software,2024-01-12,2024-01-14 13:58:12,61.97,6599.57,Resolved
289,242,Hardware,2023-06-18,2023-06-20 16:22:48,64.38,10895.47,Resolved
290,242,Cooling System,2025-12-30,,60.04,7605.46,Open
291,242,Cooling System,2025-10-25,2025-10-26 11:07:48,35.13,1450.67,Resolved
292,243,Software,2024-01-27,2024-01-29 10:19:12,58.32,9863.35,Resolved
293,243,Connector,2025-01-08,2025-01-08 14:53:24,14.89,6810.21,Resolved
294,244,Power Supply,2025-07-19,2025-07-19 15:18:00,15.3,2556.96,Resolved
295,247,Hardware,2023-03-17,2023-03-17 02:30:00,2.5,7860.9,Resolved
296,247,Connector,2023-10-01,2023-10-02 16:13:12,40.22,1121.93,Resolved
297,247,Connector,2024-03-04,2024-03-06 17:18:00,65.3,7768.67,Resolved
298,249,Power Supply,2024-08-01,2024-08-02 19:31:12,43.52,12268.3,Resolved
299,249,Cooling System,2025-10-15,2025-10-16 12:31:48,36.53,2217.22,Resolved
300,249,Connector,2023-01-10,2023-01-12 22:16:48,70.28,4744.96,Resolved
301,250,Connector,2023-01-01,2023-01-01 17:17:24,17.29,6544.6,Resolved
302,252,Cooling System,2025-12-12,2025-12-13 12:40:12,36.67,10675.08,Resolved
303,253,Power Supply,2024-07-16,2024-07-16 07:33:00,7.55,2429.01,Resolved
304,253,Connector,2025-10-06,2025-10-08 02:58:48,50.98,13859.04,Resolved
305,254,Cooling System,2023-10-02,2023-10-03 11:40:48,35.68,14756.52,Resolved
306,255,Hardware,2024-08-10,2024-08-11 22:07:48,46.13,14367.96,Resolved
307,255,Cooling System,2024-02-26,2024-02-26 20:24:36,20.41,11815.24,Resolved
308,256,Cooling System,2024-08-16,2024-08-16 15:53:24,15.89,2624.95,Resolved
309,256,Software,2024-11-22,2024-11-23 04:01:12,28.02,10013.25,Resolved
310,256,Software,2025-10-30,2025-10-31 10:45:00,34.75,12125.94,Resolved
311,256,Connector,2024-12-18,2024-12-19 22:31:48,46.53,5476.07,Resolved
312,257,Hardware,2023-07-03,2023-07-03 06:13:48,6.23,12433.57,Resolved
313,260,Cooling System,2024-08-21,2024-08-22 04:58:12,28.97,4695.91,Resolved
314,262,Software,2025-11-11,2025-11-13 10:09:00,58.15,4010.01,Resolved
315,264,Connector,2024-10-25,2024-10-25 17:25:48,17.43,6068.88,Resolved
316,266,Hardware,2023-01-24,2023-01-24 23:30:36,23.51,3255.42,Resolved
317,267,Power Supply,2025-12-06,2025-12-06 03:49:48,3.83,4265.8,Resolved
318,267,Hardware,2023-06-30,2023-07-01 17:46:12,41.77,9909.64,Resolved
319,268,Hardware,2024-11-02,2024-11-02 02:45:00,2.75,4796.12,Resolved
320,268,Power Supply,2024-08-14,2024-08-16 18:21:36,66.36,3711.88,Resolved
321,270,Software,2025-01-11,2025-01-12 06:16:48,30.28,10670.21,Resolved
322,271,Cooling System,2023-11-06,2023-11-06 05:25:12,5.42,9262.25,Resolved
323,271,Connector,2024-09-04,2024-09-04 20:57:36,20.96,9843.18,Resolved
324,272,Power Supply,2023-07-22,2023-07-23 02:25:48,26.43,8550.2,Resolved
325,272,Power Supply,2025-10-26,2025-10-26 02:54:36,2.91,1854.49,Resolved
326,272,Connector,2024-11-19,2024-11-20 16:42:36,40.71,511.79,Resolved
327,272,Software,2024-04-15,2024-04-15 09:27:00,9.45,8346.12,Resolved
328,273,Software,2024-12-01,2024-12-02 16:38:24,40.64,6079.43,Resolved
329,273,Software,2024-07-21,2024-07-21 11:46:48,11.78,1891.58,Resolved
330,274,Software,2023-12-30,2023-12-31 20:47:24,44.79,6618.94,Resolved
331,274,Cooling System,2024-06-19,2024-06-20 23:55:48,47.93,9154.92,Resolved
332,275,Cooling System,2025-11-20,2025-11-22 13:34:12,61.57,12858.43,Resolved
333,275,Hardware,2023-03-07,2023-03-09 11:47:24,59.79,13473.25,Resolved
334,276,Power Supply,2024-04-29,2024-05-01 01:17:24,49.29,3777.47,Resolved
335,277,Software,2023-08-19,2023-08-21 07:21:00,55.35,3495.52,Resolved
336,277,Cooling System,2025-01-22,2025-01-24 16:28:48,64.48,5904.29,Resolved
337,278,Connector,2025-06-23,2025-06-25 12:50:24,60.84,14817.89,Resolved
338,278,Power Supply,2024-06-27,2024-06-29 07:51:00,55.85,14728.92,Resolved
339,278,Connector,2023-11-16,2023-11-18 19:50:24,67.84,8167.61,Resolved
340,281,Software,2025-11-04,2025-11-04 03:06:36,3.11,5018.5,Resolved
341,281,Connector,2024-08-03,2024-08-05 13:14:24,61.24,6053.05,Resolved
342,284,Hardware,2023-11-06,2023-11-06 08:45:36,8.76,12938.0,Resolved
343,285,Software,2024-03-24,2024-03-25 11:07:12,35.12,12122.93,Resolved
344,285,Connector,2025-12-14,2025-12-15 22:05:24,46.09,9764.52,Resolved
345,285,Connector,2025-03-22,2025-03-23 17:40:48,41.68,11578.65,Resolved
346,285,Cooling System,2025-07-13,2025-07-15 05:13:12,53.22,1054.28,Resolved
347,286,Connector,2024-05-24,2024-05-24 16:19:12,16.32,8006.02,Resolved
348,286,Connector,2024-10-04,2024-10-06 05:02:24,53.04,7647.66,Resolved
349,286,Connector,2025-02-18,2025-02-20 05:12:00,53.2,2812.49,Resolved
350,286,Power Supply,2024-10-17,2024-10-18 05:39:00,29.65,7175.99,Resolved
351,287,Cooling System,2023-01-06,2023-01-07 14:06:36,38.11,14011.64,Resolved
352,290,Cooling System,2025-08-02,2025-08-04 16:13:12,64.22,9565.22,Resolved
353,290,Cooling System,2024-05-13,2024-05-14 17:47:24,41.79,872.3,Resolved
354,291,Power Supply,2024-12-19,2024-12-20 15:08:24,39.14,9532.86,Resolved
355,291,Power Supply,2025-10-13,2025-10-14 06:43:48,30.73,9983.94,Resolved
356,292,Hardware,2024-12-13,2024-12-14 03:42:36,27.71,13198.75,Resolved
357,292,Hardware,2023-06-04,2023-06-05 16:35:24,40.59,5532.16,Resolved
358,293,Cooling System,2023-08-10,2023-08-12 23:07:48,71.13,10583.37,Resolved
359,294,Hardware,2025-10-01,2025-10-03 10:58:12,58.97,10804.84,Resolved
360,294,Connector,2023-08-30,2023-08-30 08:21:36,8.36,9874.62,Resolved
361,295,Connector,2025-01-12,2025-01-13 14:27:36,38.46,6547.11,Resolved
362,295,Hardware,2023-01-08,2023-01-10 05:19:12,53.32,12059.05,Resolved
363,296,Hardware,2025-10-20,2025-10-22 22:33:36,70.56,12100.4,Resolved
364,297,Software,2025-01-13,2025-01-14 18:14:24,42.24,13042.46,Resolved
365,297,Hardware,2025-07-23,2025-07-25 20:27:36,68.46,13962.54,Resolved
366,297,Software,2023-05-11,2023-05-11 18:02:24,18.04,3121.2,Resolved
367,297,Power Supply,2025-12-12,2025-12-13 07:14:24,31.24,12298.21,Resolved
368,298,Connector,2024-06-14,2024-06-15 01:08:24,25.14,10343.81,Resolved
369,298,Power Supply,2023-08-07,2023-08-09 00:40:48,48.68,14248.97,Resolved
370,298,Software,2025-10-11,2025-10-11 19:34:48,19.58,6229.48,Resolved
371,299,Power Supply,2023-02-27,2023-02-27 11:09:36,11.16,2689.81,Resolved
372,301,Software,2025-05-21,2025-05-21 14:18:36,14.31,8770.36,Resolved
373,301,Cooling System,2025-05-04,2025-05-05 22:47:24,46.79,3360.11,Resolved
374,301,Connector,2023-08-20,2023-08-20 11:20:24,11.34,8763.19,Resolved
375,302,Hardware,2024-06-10,2024-06-12 09:23:24,57.39,7254.87,Resolved
376,302,Power Supply,2024-01-18,2024-01-20 01:11:24,49.19,6853.81,Resolved
377,302,Cooling System,2025-06-30,2025-06-30 08:51:36,8.86,11308.99,Resolved
378,304,Software,2023-03-12,2023-03-13 14:06:00,38.1,10550.47,Resolved
379,308,Hardware,2024-12-16,2024-12-16 05:53:24,5.89,1852.34,Resolved
380,308,Connector,2024-12-16,2024-12-18 02:24:00,50.4,12457.89,Resolved
381,311,Software,2024-06-28,2024-06-29 14:57:36,38.96,5918.02,Resolved
382,311,Connector,2025-05-01,2025-05-02 23:58:48,47.98,5333.15,Resolved
383,312,Power Supply,2024-03-06,2024-03-07 07:49:12,31.82,609.79,Resolved
384,312,Software,2024-10-12,2024-10-12 15:14:24,15.24,9464.63,Resolved
385,312,Connector,2025-03-31,2025-04-01 08:07:48,32.13,6224.55,Resolved
386,313,Software,2023-09-21,2023-09-23 06:37:12,54.62,11225.45,Resolved
387,314,Connector,2024-05-03,2024-05-03 17:56:24,17.94,9572.01,Resolved
388,315,Hardware,2024-02-16,2024-02-16 23:21:36,23.36,2715.51,Resolved
389,315,Connector,2024-08-17,2024-08-19 05:54:00,53.9,11901.22,Resolved
390,315,Power Supply,2023-10-02,2023-10-02 17:17:24,17.29,9228.3,Resolved
391,315,Connector,2024-10-03,2024-10-05 18:07:12,66.12,13989.94,Resolved
392,316,Software,2024-07-28,2024-07-28 06:14:24,6.24,7303.98,Resolved
393,317,Cooling System,2024-02-23,2024-02-23 14:39:00,14.65,1956.89,Resolved
394,317,Hardware,2023-06-22,2023-06-23 12:04:12,36.07,831.44,Resolved
395,317,Software,2024-05-08,2024-05-10 11:52:48,59.88,5278.96,Resolved
396,319,Cooling System,2023-01-26,2023-01-27 06:39:00,30.65,2887.92,Resolved
397,319,Cooling System,2023-10-16,2023-10-18 17:59:24,65.99,7364.39,Resolved
398,320,Connector,2024-11-15,2024-11-17 11:30:00,59.5,6451.95,Resolved
399,323,Hardware,2025-11-04,2025-11-05 11:00:00,35.0,4573.1,Resolved
400,323,Hardware,2024-04-27,2024-04-27 23:07:12,23.12,2306.38,Resolved
401,325,Hardware,2023-12-12,2023-12-13 21:45:00,45.75,14930.71,Resolved
402,325,Software,2024-09-12,2024-09-12 23:35:24,23.59,5448.06,Resolved
403,325,Cooling System,2023-08-15,2023-08-17 11:23:24,59.39,12577.79,Resolved
404,325,Connector,2025-12-28,2025-12-29 09:32:24,33.54,4912.32,Resolved
405,326,Cooling System,2024-09-06,2024-09-06 10:40:48,10.68,8353.96,Resolved
406,327,Connector,2023-02-22,2023-02-22 11:40:12,11.67,10835.0,Resolved
407,327,Power Supply,2024-03-06,2024-03-06 05:30:36,5.51,12007.51,Resolved
408,329,Cooling System,2025-01-04,2025-01-04 13:05:24,13.09,12402.28,Resolved
409,331,Hardware,2024-09-22,2024-09-22 08:03:36,8.06,12786.08,Resolved
410,332,Software,2024-07-20,2024-07-21 10:48:36,34.81,11187.47,Resolved
411,332,Cooling System,2023-09-29,2023-09-30 08:13:12,32.22,10921.32,Resolved
412,333,Hardware,2023-12-13,2023-12-13 04:58:48,4.98,6629.99,Resolved
413,333,Power Supply,2025-07-02,2025-07-03 18:47:24,42.79,11210.98,Resolved
414,335,Hardware,2024-07-04,2024-07-04 23:21:36,23.36,7551.91,Resolved
415,335,Cooling System,2025-04-07,2025-04-09 13:53:24,61.89,4951.86,Resolved
416,335,Hardware,2024-03-03,2024-03-04 14:46:48,38.78,11167.41,Resolved
417,337,Software,2025-07-18,2025-07-18 08:12:36,8.21,12803.01,Resolved
418,338,Connector,2025-01-10,2025-01-10 09:22:48,9.38,4381.11,Resolved
419,338,Hardware,2023-09-05,2023-09-07 15:31:12,63.52,6593.11,Resolved
420,338,Cooling System,2024-12-21,2024-12-23 20:03:36,68.06,2814.51,Resolved
421,339,Hardware,2023-06-13,2023-06-15 08:12:36,56.21,6930.87,Resolved
422,340,Connector,2024-01-22,2024-01-23 16:04:48,40.08,13004.38,Resolved
423,341,Software,2025-06-01,2025-06-02 10:33:00,34.55,10673.97,Resolved
424,342,Cooling System,2024-12-23,2024-12-24 01:35:24,25.59,13491.72,Resolved
425,344,Cooling System,2024-03-30,2024-03-31 14:20:24,38.34,13294.93,Resolved
426,345,Hardware,2025-02-10,2025-02-11 00:33:36,24.56,4177.6,Resolved
427,346,Hardware,2025-09-01,2025-09-02 09:49:48,33.83,10283.35,Resolved
428,346,Software,2025-05-14,2025-05-15 19:04:12,43.07,10628.21,Resolved
429,347,Hardware,2024-02-08,2024-02-08 16:54:00,16.9,6533.97,Resolved
430,347,Connector,2024-11-13,2024-11-15 23:46:12,71.77,14435.74,Resolved
431,347,Cooling System,2023-03-17,2023-03-18 22:40:48,46.68,11860.7,Resolved
432,348,Cooling System,2025-05-25,2025-05-26 20:49:12,44.82,1219.21,Resolved
433,348,Software,2025-06-24,2025-06-24 04:31:48,4.53,3982.9,Resolved
434,348,Cooling System,2025-06-01,2025-06-03 13:42:36,61.71,10834.73,Resolved
435,348,Cooling System,2024-03-04,2024-03-04 06:29:24,6.49,9651.9,Resolved
436,350,Connector,2025-12-31,,7.63,1937.02,Open
437,350,Hardware,2025-02-24,2025-02-25 06:34:48,30.58,12558.77,Resolved
438,350,Power Supply,2025-08-14,2025-08-15 04:36:36,28.61,13599.2,Resolved
439,351,Power Supply,2025-01-31,2025-02-01 03:58:12,27.97,9646.23,Resolved
440,351,Software,2025-04-05,2025-04-07 22:32:24,70.54,2050.16,Resolved
441,351,Hardware,2023-06-28,2023-06-29 13:30:36,37.51,10078.82,Resolved
442,351,Connector,2025-04-08,2025-04-09 07:16:12,31.27,14539.4,Resolved
443,352,Connector,2024-01-17,2024-01-18 12:36:36,36.61,2495.74,Resolved
444,352,Cooling System,2024-02-17,2024-02-18 02:16:12,26.27,5918.11,Resolved
445,352,Hardware,2023-09-10,2023-09-12 20:40:48,68.68,10094.3,Resolved
446,352,Connector,2023-02-08,2023-02-09 17:36:36,41.61,14615.5,Resolved
447,353,Power Supply,2024-01-08,2024-01-10 09:46:48,57.78,11375.69,Resolved
448,353,Power Supply,2024-08-24,2024-08-26 02:20:24,50.34,7090.2,Resolved
449,354,Software,2023-04-24,2023-04-26 14:16:48,62.28,10650.75,Resolved
450,354,Connector,2024-10-11,2024-10-12 12:45:36,36.76,8294.46,Resolved
451,355,Connector,2023-07-24,2023-07-26 21:05:24,69.09,3797.36,Resolved
452,356,Power Supply,2023-10-12,2023-10-14 01:01:12,49.02,6822.16,Resolved
453,357,Software,2023-07-27,2023-07-28 06:51:00,30.85,9166.04,Resolved
454,358,Cooling System,2023-03-11,2023-03-11 12:50:24,12.84,9450.3,Resolved
455,359,Connector,2023-07-31,2023-08-02 18:03:36,66.06,14116.08,Resolved
456,360,Hardware,2024-12-09,2024-12-09 09:15:36,9.26,13336.08,Resolved
457,361,Cooling System,2025-05-04,2025-05-04 12:48:36,12.81,11348.68,Resolved
458,361,Connector,2023-06-21,2023-06-23 09:28:48,57.48,10205.38,Resolved
459,361,Cooling System,2023-08-02,2023-08-04 22:56:24,70.94,9253.88,Resolved
460,361,Connector,2025-04-03,2025-04-03 06:42:00,6.7,10706.88,Resolved
461,364,Hardware,2025-06-27,2025-06-29 12:46:12,60.77,3189.95,Resolved
462,365,Software,2024-07-10,2024-07-12 14:53:24,62.89,6177.22,Resolved
463,365,Connector,2023-10-25,2023-10-27 13:37:12,61.62,7164.02,Resolved
464,368,Connector,2023-04-23,2023-04-25 02:38:24,50.64,5277.91,Resolved
465,368,Hardware,2023-11-10,2023-11-10 16:04:12,16.07,9921.76,Resolved
466,368,Power Supply,2025-04-24,2025-04-24 03:36:00,3.6,2304.86,Resolved
467,370,Power Supply,2025-03-16,2025-03-17 12:40:48,36.68,2266.28,Resolved
468,371,Software,2025-09-12,2025-09-13 20:59:24,44.99,1400.99,Resolved
469,371,Hardware,2023-01-30,2023-01-31 17:28:48,41.48,910.02,Resolved
470,373,Connector,2023-04-09,2023-04-10 11:33:36,35.56,14572.71,Resolved
471,374,Cooling System,2023-03-06,2023-03-06 19:09:36,19.16,14914.25,Resolved
472,374,Connector,2023-11-14,2023-11-16 13:11:24,61.19,12257.13,Resolved
473,375,Cooling System,2023-06-24,2023-06-25 16:18:36,40.31,5766.97,Resolved
474,375,Power Supply,2025-08-31,2025-09-02 16:02:24,64.04,5982.45,Resolved
475,376,Hardware,2023-07-26,2023-07-28 08:51:36,56.86,12224.56,Resolved
476,376,Connector,2024-06-05,2024-06-06 05:29:24,29.49,6150.04,Resolved
477,376,Software,2023-08-23,2023-08-23 03:00:36,3.01,13414.84,Resolved
478,377,Cooling System,2023-05-21,2023-05-22 21:43:48,45.73,7887.88,Resolved
479,377,Cooling System,2024-02-15,2024-02-15 12:54:00,12.9,12368.88,Resolved
480,377,Software,2024-02-14,2024-02-15 03:32:24,27.54,13158.75,Resolved
481,377,Power Supply,2024-12-05,2024-12-06 09:50:24,33.84,13998.83,Resolved
482,378,Hardware,2024-01-03,2024-01-05 08:19:12,56.32,9001.57,Resolved
483,378,Cooling System,2025-08-23,2025-08-25 04:13:12,52.22,10412.53,Resolved
484,380,Connector,2024-08-02,2024-08-04 20:42:00,68.7,7140.59,Resolved
485,383,Hardware,2023-01-05,2023-01-06 18:01:48,42.03,3314.98,Resolved
486,387,Software,2025-01-22,2025-01-23 10:04:12,34.07,2245.47,Resolved
487,388,Power Supply,2023-04-22,2023-04-22 21:57:36,21.96,8360.95,Resolved
488,391,Hardware,2025-01-31,2025-02-01 08:18:00,32.3,9010.61,Resolved
489,391,Software,2025-04-14,2025-04-15 03:04:12,27.07,11130.05,Resolved
490,392,Power Supply,2024-09-22,2024-09-22 02:51:00,2.85,1153.39,Resolved
491,392,Hardware,2024-08-30,2024-08-30 22:15:00,22.25,3883.31,Resolved
492,392,Power Supply,2024-08-20,2024-08-20 16:54:36,16.91,4838.38,Resolved
493,392,Power Supply,2023-05-04,2023-05-04 18:38:24,18.64,14370.31,Resolved
494,394,Software,2023-08-17,2023-08-18 16:03:36,40.06,793.69,Resolved
495,394,Connector,2025-01-08,2025-01-09 00:18:00,24.3,14616.97,Resolved
496,395,Connector,2023-12-23,2023-12-24 22:55:48,46.93,2888.51,Resolved
497,396,Software,2025-10-11,2025-10-12 12:00:36,36.01,5290.31,Resolved
498,398,Connector,2023-02-08,2023-02-09 10:34:12,34.57,6914.82,Resolved
499,398,Hardware,2024-12-30,2024-12-31 09:32:24,33.54,505.17,Resolved
500,401,Cooling System,2025-02-19,2025-02-20 11:44:24,35.74,4697.75,Resolved
501,402,Power Supply,2023-09-19,2023-09-19 16:41:24,16.69,8700.48,Resolved
502,402,Software,2023-10-22,2023-10-22 05:06:00,5.1,4909.74,Resolved
503,403,Software,2024-01-16,2024-01-17 15:07:48,39.13,3320.01,Resolved
504,406,Cooling System,2024-09-20,2024-09-21 18:45:00,42.75,9190.47,Resolved
505,407,Connector,2024-11-28,2024-11-30 03:38:24,51.64,1085.87,Resolved
506,408,Software,2025-11-13,2025-11-13 06:12:00,6.2,6343.67,Resolved
507,409,Cooling System,2025-04-21,2025-04-22 08:45:00,32.75,563.38,Resolved
508,409,Hardware,2024-11-26,2024-11-26 09:37:48,9.63,5582.95,Resolved
509,410,Power Supply,2025-08-28,2025-08-29 06:31:12,30.52,11137.04,Resolved
510,410,Cooling System,2024-03-20,2024-03-21 20:59:24,44.99,9411.13,Resolved
511,410,Hardware,2025-05-05,2025-05-06 18:22:48,42.38,2581.71,Resolved
512,413,Connector,2023-11-17,2023-11-19 13:57:36,61.96,12706.07,Resolved
513,413,Cooling System,2024-10-21,2024-10-21 10:33:00,10.55,1296.76,Resolved
514,413,Software,2024-01-12,2024-01-14 21:58:48,69.98,11991.22,Resolved
515,414,Cooling System,2024-04-18,2024-04-18 04:49:48,4.83,13605.5,Resolved
516,415,Cooling System,2024-02-22,2024-02-23 08:22:12,32.37,8223.67,Resolved
517,416,Connector,2023-12-19,2023-12-20 16:25:12,40.42,5407.21,Resolved
518,418,Connector,2025-09-09,2025-09-10 17:37:48,41.63,3136.07,Resolved
519,419,Software,2024-05-17,2024-05-19 22:13:48,70.23,7684.0,Resolved
520,419,Hardware,2025-07-10,2025-07-12 01:50:24,49.84,12139.84,Resolved
521,419,Cooling System,2025-05-15,2025-05-16 13:18:36,37.31,5873.59,Resolved
522,420,Hardware,2025-09-11,2025-09-11 03:54:00,3.9,4078.55,Resolved
523,420,Power Supply,2023-07-05,2023-07-07 16:43:12,64.72,13360.21,Resolved
524,420,Cooling System,2023-01-23,2023-01-23 14:39:00,14.65,8219.75,Resolved
525,423,Hardware,2023-10-18,2023-10-20 15:52:12,63.87,12115.27,Resolved
526,423,Power Supply,2025-03-06,2025-03-06 19:17:24,19.29,13914.54,Resolved
527,424,Power Supply,2023-04-25,2023-04-25 09:29:24,9.49,5070.62,Resolved
528,424,Power Supply,2025-01-26,2025-01-26 19:52:12,19.87,6254.48,Resolved
529,424,Software,2024-05-06,2024-05-08 01:49:12,49.82,10085.97,Resolved
530,425,Power Supply,2025-06-16,2025-06-16 09:22:12,9.37,5894.63,Resolved
531,425,Cooling System,2024-01-27,2024-01-29 14:22:12,62.37,3881.27,Resolved
532,426,Cooling System,2025-05-04,2025-05-05 14:01:48,38.03,8185.6,Resolved
533,426,Software,2025-05-12,2025-05-14 10:30:00,58.5,1350.79,Resolved
534,427,Connector,2024-05-08,2024-05-08 14:20:24,14.34,13083.75,Resolved
535,427,Software,2023-10-27,2023-10-28 18:24:00,42.4,3288.23,Resolved
536,427,Connector,2024-02-07,2024-02-09 17:12:36,65.21,10039.4,Resolved
537,427,Cooling System,2023-09-08,2023-09-09 20:48:00,44.8,11739.84,Resolved
538,431,Hardware,2024-08-06,2024-08-07 11:48:36,35.81,9451.51,Resolved
539,431,Cooling System,2025-01-15,2025-01-16 01:48:36,25.81,14287.75,Resolved
540,432,Connector,2023-07-29,2023-07-29 10:03:36,10.06,3197.67,Resolved
541,432,Hardware,2025-11-16,2025-11-16 02:26:24,2.44,9678.97,Resolved
542,432,Software,2024-08-25,2024-08-25 21:48:36,21.81,5153.33,Resolved
543,434,Software,2024-06-17,2024-06-17 03:52:48,3.88,4754.22,Resolved
544,434,Software,2024-10-23,2024-10-25 13:10:12,61.17,1966.22,Resolved
545,434,Software,2023-08-03,2023-08-03 14:51:00,14.85,1561.09,Resolved
546,435,Connector,2024-09-23,2024-09-24 22:25:48,46.43,6954.09,Resolved
547,436,Connector,2024-08-20,2024-08-22 14:16:12,62.27,10358.91,Resolved
548,438,Power Supply,2024-06-29,2024-06-29 04:59:24,4.99,6841.58,Resolved
549,440,Software,2025-10-10,2025-10-10 13:25:48,13.43,7853.94,Resolved
550,440,Power Supply,2023-01-05,2023-01-05 21:01:12,21.02,10070.9,Resolved
551,441,Connector,2024-06-11,2024-06-13 06:45:36,54.76,4220.9,Resolved
552,442,Hardware,2023-01-09,2023-01-11 13:11:24,61.19,9038.69,Resolved
553,442,Software,2025-07-26,2025-07-28 01:16:48,49.28,11813.94,Resolved
554,442,Connector,2023-02-16,2023-02-18 09:06:36,57.11,11488.87,Resolved
555,444,Cooling System,2024-03-08,2024-03-10 22:24:36,70.41,13940.7,Resolved
556,445,Cooling System,2023-11-09,2023-11-09 11:28:12,11.47,11278.58,Resolved
557,445,Software,2023-02-18,2023-02-20 17:28:48,65.48,5458.69,Resolved
558,448,Hardware,2024-09-26,2024-09-26 05:25:48,5.43,14839.16,Resolved
559,448,Cooling System,2024-05-04,2024-05-06 01:31:48,49.53,13327.92,Resolved
560,450,Software,2024-08-17,2024-08-19 03:02:24,51.04,7236.8,Resolved
561,450,Software,2024-06-20,2024-06-20 22:46:48,22.78,13987.55,Resolved
562,452,Software,2023-08-19,2023-08-19 16:52:48,16.88,11308.59,Resolved
563,452,Hardware,2025-02-24,2025-02-25 01:09:00,25.15,3547.48,Resolved
564,454,Hardware,2023-11-16,2023-11-18 22:46:12,70.77,9115.7,Resolved
565,454,Hardware,2023-10-27,2023-10-27 11:13:12,11.22,11965.72,Resolved
566,455,Connector,2024-06-20,2024-06-20 08:06:36,8.11,11731.18,Resolved
567,456,Hardware,2023-10-15,2023-10-17 02:24:00,50.4,3962.3,Resolved
568,456,Hardware,2024-03-13,2024-03-14 03:49:48,27.83,4502.54,Resolved
569,457,Software,2023-02-25,2023-02-26 22:39:36,46.66,12009.84,Resolved
570,458,Cooling System,2023-09-03,2023-09-03 09:43:12,9.72,9439.89,Resolved
571,458,Software,2023-03-18,2023-03-18 08:06:00,8.1,4075.13,Resolved
572,459,Hardware,2023-08-12,2023-08-14 10:54:36,58.91,8741.02,Resolved
573,459,Power Supply,2025-10-17,2025-10-19 23:09:36,71.16,13380.43,Resolved
574,460,Software,2023-09-18,2023-09-18 21:13:48,21.23,10821.59,Resolved
575,460,Cooling System,2023-04-12,2023-04-14 17:58:12,65.97,3909.99,Resolved
576,460,Power Supply,2025-07-19,2025-07-20 21:32:24,45.54,13895.82,Resolved
577,461,Connector,2024-09-09,2024-09-09 12:55:12,12.92,1810.1,Resolved
578,461,Hardware,2024-10-20,2024-10-22 09:23:24,57.39,9542.16,Resolved
579,461,Software,2024-05-05,2024-05-07 03:49:48,51.83,14796.67,Resolved
580,461,Software,2025-04-23,2025-04-25 20:00:36,68.01,4907.81,Resolved
581,463,Cooling System,2025-02-10,2025-02-10 10:49:12,10.82,5487.94,Resolved
582,463,Connector,2023-10-31,2023-10-31 13:27:00,13.45,12269.42,Resolved
583,463,Power Supply,2023-05-28,2023-05-28 12:33:00,12.55,1731.42,Resolved
584,464,Connector,2023-11-27,2023-11-28 07:20:24,31.34,6304.95,Resolved
585,464,Power Supply,2024-03-22,2024-03-22 06:13:12,6.22,12428.93,Resolved
586,466,Hardware,2024-08-18,2024-08-20 10:25:48,58.43,8838.59,Resolved
587,466,Power Supply,2023-03-26,2023-03-27 16:34:12,40.57,14381.58,Resolved
588,466,Cooling System,2024-03-14,2024-03-16 09:11:24,57.19,14322.45,Resolved
589,467,Hardware,2023-12-24,2023-12-25 01:36:00,25.6,6071.95,Resolved
590,469,Hardware,2024-03-30,2024-04-01 22:59:24,70.99,10086.3,Resolved
591,470,Connector,2024-05-05,2024-05-07 06:28:48,54.48,2564.79,Resolved
592,471,Cooling System,2025-02-06,2025-02-07 16:06:00,40.1,7042.93,Resolved
593,475,Connector,2025-04-30,2025-05-01 15:33:36,39.56,13445.93,Resolved
594,475,Connector,2024-08-02,2024-08-03 23:37:48,47.63,7990.67,Resolved
595,475,Software,2024-05-31,2024-06-01 04:40:48,28.68,8416.45,Resolved
596,475,Hardware,2024-10-22,2024-10-24 22:07:48,70.13,6626.75,Resolved
597,477,Power Supply,2025-09-21,2025-09-23 08:34:12,56.57,2980.32,Resolved
598,477,Cooling System,2023-07-13,2023-07-14 01:03:36,25.06,10152.32,Resolved
599,477,Software,2023-07-18,2023-07-20 00:40:12,48.67,14251.94,Resolved
600,479,Hardware,2025-12-25,2025-12-26 21:13:48,45.23,11300.97,Resolved
601,479,Cooling System,2023-01-07,2023-01-07 09:25:12,9.42,9294.6,Resolved
602,479,Cooling System,2025-11-08,2025-11-08 22:48:36,22.81,6841.35,Resolved
603,481,Power Supply,2025-12-22,2025-12-23 19:51:00,43.85,2928.75,Resolved
604,481,Power Supply,2025-02-22,2025-02-22 04:01:12,4.02,5412.45,Resolved
605,481,Connector,2025-02-17,2025-02-19 21:12:00,69.2,4932.04,Resolved
606,485,Power Supply,2023-02-25,2023-02-27 17:43:12,65.72,8279.78,Resolved
607,486,Connector,2024-01-01,2024-01-02 23:27:36,47.46,851.76,Resolved
608,486,Connector,2024-04-17,2024-04-19 08:25:48,56.43,6468.15,Resolved
609,487,Connector,2024-09-04,2024-09-06 05:00:36,53.01,3379.83,Resolved
610,487,Hardware,2024-01-17,2024-01-17 04:46:12,4.77,1663.64,Resolved
611,487,Software,2023-04-15,2023-04-16 06:40:12,30.67,8848.03,Resolved
612,488,Hardware,2023-04-06,2023-04-06 21:21:00,21.35,5428.46,Resolved
613,488,Cooling System,2025-04-29,2025-05-01 06:45:00,54.75,5888.26,Resolved
614,488,Power Supply,2025-11-14,2025-11-15 21:57:36,45.96,14075.28,Resolved
615,490,Software,2024-03-29,2024-03-31 03:33:00,51.55,8148.15,Resolved
616,491,Power Supply,2024-06-22,2024-06-24 19:34:12,67.57,3834.96,Resolved
617,491,Cooling System,2023-10-14,2023-10-14 11:18:00,11.3,8581.5,Resolved
618,491,Hardware,2023-10-25,2023-10-25 20:03:36,20.06,12421.07,Resolved
619,492,Power Supply,2024-06-17,2024-06-18 11:23:24,35.39,10783.34,Resolved
620,493,Hardware,2023-11-16,2023-11-18 19:43:12,67.72,10833.43,Resolved
621,493,Hardware,2023-03-21,2023-03-21 11:34:48,11.58,3500.72,Resolved
622,493,Power Supply,2025-08-10,2025-08-12 11:45:00,59.75,12631.91,Resolved
623,494,Power Supply,2023-01-15,2023-01-17 19:03:36,67.06,11419.72,Resolved
624,494,Hardware,2024-11-27,2024-11-29 08:43:12,56.72,3662.05,Resolved
625,499,Power Supply,2025-09-24,2025-09-26 10:23:24,58.39,3758.49,Resolved
626,501,Power Supply,2024-05-21,2024-05-23 09:39:00,57.65,12454.24,Resolved
627,502,Cooling System,2024-10-14,2024-10-14 18:10:48,18.18,2377.17,Resolved
628,508,Cooling System,2023-12-07,2023-12-07 15:49:12,15.82,7364.27,Resolved
629,508,Software,2023-08-07,2023-08-09 21:30:00,69.5,3041.09,Resolved
630,509,Power Supply,2024-09-09,2024-09-10 09:14:24,33.24,838.88,Resolved
631,510,Cooling System,2024-02-25,2024-02-26 20:26:24,44.44,11841.22,Resolved
632,512,Cooling System,2025-07-03,2025-07-04 18:50:24,42.84,11564.35,Resolved
633,515,Cooling System,2024-03-27,2024-03-29 12:07:12,60.12,7391.69,Resolved
634,516,Power Supply,2023-02-03,2023-02-03 18:04:12,18.07,2226.11,Resolved
635,516,Cooling System,2023-07-18,2023-07-19 23:22:12,47.37,14340.32,Resolved
636,517,Cooling System,2025-02-14,2025-02-16 02:21:00,50.35,12208.98,Resolved
637,517,Software,2023-10-07,2023-10-08 01:38:24,25.64,3824.23,Resolved
638,518,Hardware,2023-10-25,2023-10-25 05:58:48,5.98,11559.39,Resolved
639,519,Software,2023-02-12,2023-02-14 13:26:24,61.44,9759.82,Resolved
640,519,Software,2023-09-06,2023-09-06 14:55:48,14.93,13152.08,Resolved
641,520,Cooling System,2024-02-18,2024-02-20 17:39:00,65.65,11446.81,Resolved
642,520,Hardware,2025-04-12,2025-04-14 15:41:24,63.69,785.66,Resolved
643,522,Connector,2025-01-23,2025-01-24 04:58:12,28.97,10343.17,Resolved
644,523,Software,2025-12-17,2025-12-17 08:48:00,8.8,5069.81,Resolved
645,524,Cooling System,2025-11-05,2025-11-05 13:48:36,13.81,8014.42,Resolved
646,524,Power Supply,2023-11-04,2023-11-05 13:48:00,37.8,10741.13,Resolved
647,524,Hardware,2024-02-18,2024-02-18 02:02:24,2.04,529.08,Resolved
648,524,Power Supply,2025-10-21,2025-10-23 05:30:00,53.5,9911.51,Resolved
649,526,Cooling System,2025-09-10,2025-09-11 15:13:48,39.23,6857.52,Resolved
650,526,Software,2024-09-26,2024-09-28 15:05:24,63.09,2092.3,Resolved
651,529,Connector,2024-12-07,2024-12-07 12:04:12,12.07,13498.91,Resolved
652,532,Hardware,2025-11-24,2025-11-26 02:04:12,50.07,12390.01,Resolved
653,533,Software,2025-08-31,2025-08-31 11:36:00,11.6,9000.92,Resolved
654,535,Power Supply,2025-02-04,2025-02-05 10:07:12,34.12,8153.32,Resolved
655,536,Connector,2024-06-09,2024-06-10 10:18:00,34.3,13999.73,Resolved
656,536,Cooling System,2023-05-21,2023-05-21 20:40:48,20.68,9167.9,Resolved
657,536,Connector,2024-11-07,2024-11-08 15:39:36,39.66,1584.58,Resolved
658,537,Hardware,2025-08-21,2025-08-23 11:47:24,59.79,6821.19,Resolved
659,538,Software,2025-07-17,2025-07-19 18:45:00,66.75,8051.75,Resolved
660,539,Power Supply,2024-11-12,2024-11-12 09:03:00,9.05,13412.85,Resolved
661,540,Cooling System,2025-04-24,2025-04-24 03:52:48,3.88,4118.69,Resolved
662,541,Software,2025-03-20,2025-03-20 09:52:48,9.88,13598.2,Resolved
663,543,Hardware,2025-01-09,2025-01-10 22:13:48,46.23,14667.73,Resolved
664,548,Software,2023-06-04,2023-06-04 23:30:00,23.5,9663.19,Resolved
665,549,Cooling System,2025-04-16,2025-04-18 15:55:12,63.92,9046.06,Resolved
666,550,Power Supply,2025-06-18,2025-06-19 10:13:48,34.23,8127.39,Resolved
667,550,Cooling System,2023-12-12,2023-12-13 04:22:12,28.37,1867.64,Resolved
668,550,Software,2023-06-30,2023-07-02 01:11:24,49.19,5167.7,Resolved
669,551,Software,2025-06-06,2025-06-08 21:43:12,69.72,10080.8,Resolved
670,552,Hardware,2025-05-19,2025-05-21 15:12:36,63.21,3926.74,Resolved
671,552,Hardware,2025-03-24,2025-03-25 13:21:00,37.35,10881.4,Resolved
672,554,Connector,2025-09-29,2025-10-01 02:40:12,50.67,5507.92,Resolved
673,555,Software,2025-06-05,2025-06-06 17:37:48,41.63,4261.89,Resolved
674,555,Software,2025-03-06,2025-03-07 11:12:00,35.2,768.67,Resolved
675,556,Connector,2023-11-21,2023-11-23 08:26:24,56.44,3818.41,Resolved
676,556,Software,2025-07-12,2025-07-13 23:42:36,47.71,13802.59,Resolved
677,556,Cooling System,2023-11-20,2023-11-21 20:07:12,44.12,8793.34,Resolved
678,557,Connector,2025-11-11,2025-11-12 00:43:12,24.72,1766.02,Resolved
679,558,Power Supply,2025-11-27,2025-11-27 17:17:24,17.29,12047.23,Resolved
680,558,Software,2023-08-26,2023-08-27 09:16:12,33.27,14166.88,Resolved
681,558,Hardware,2024-07-13,2024-07-14 10:25:48,34.43,13781.48,Resolved
682,559,Hardware,2025-05-22,2025-05-22 22:33:00,22.55,12539.96,Resolved
683,561,Power Supply,2024-06-08,2024-06-08 18:43:12,18.72,3753.75,Resolved
684,564,Hardware,2024-03-18,2024-03-20 06:39:00,54.65,14371.98,Resolved
685,564,Hardware,2025-11-11,2025-11-11 06:34:48,6.58,2772.01,Resolved
686,565,Power Supply,2023-11-05,2023-11-07 07:04:48,55.08,876.31,Resolved
687,565,Connector,2024-12-01,2024-12-01 05:14:24,5.24,13045.15,Resolved
688,566,Cooling System,2024-07-27,2024-07-28 20:54:36,44.91,1034.73,Resolved
689,566,Power Supply,2023-07-20,2023-07-20 11:01:12,11.02,7401.1,Resolved
690,569,Cooling System,2025-06-04,2025-06-04 02:37:12,2.62,5616.19,Resolved
691,571,Connector,2025-08-09,2025-08-09 15:21:00,15.35,8173.13,Resolved
692,572,Software,2023-07-06,2023-07-07 05:02:24,29.04,9442.72,Resolved
693,572,Cooling System,2024-07-30,2024-08-01 19:40:12,67.67,3318.21,Resolved
694,573,Cooling System,2024-04-19,2024-04-19 10:16:48,10.28,14522.49,Resolved
695,573,Connector,2025-12-28,2025-12-28 04:23:24,4.39,14886.38,Resolved
696,574,Power Supply,2024-09-23,2024-09-25 15:24:00,63.4,2835.97,Resolved
697,574,Software,2023-12-19,2023-12-21 19:45:36,67.76,4883.08,Resolved
698,575,Software,2025-03-25,2025-03-25 22:30:00,22.5,5654.0,Resolved
699,576,Hardware,2024-10-26,2024-10-27 08:21:00,32.35,10550.07,Resolved
700,576,Software,2023-02-01,2023-02-01 15:38:24,15.64,13422.13,Resolved
701,578,Connector,2023-11-20,2023-11-21 01:39:00,25.65,6701.63,Resolved
702,581,Power Supply,2023-01-11,2023-01-12 01:47:24,25.79,2028.44,Resolved
703,582,Software,2023-06-14,2023-06-14 20:49:12,20.82,13456.69,Resolved
704,584,Software,2025-08-24,2025-08-25 08:57:36,32.96,14735.69,Resolved
705,584,Hardware,2023-04-24,2023-04-26 15:55:48,63.93,9683.6,Resolved
706,584,Hardware,2023-12-28,2023-12-28 15:07:48,15.13,7759.43,Resolved
707,585,Cooling System,2025-11-06,2025-11-07 02:04:12,26.07,3552.91,Resolved
708,586,Power Supply,2023-03-23,2023-03-24 16:25:48,40.43,12723.49,Resolved
709,586,Hardware,2023-05-12,2023-05-13 20:40:12,44.67,10625.12,Resolved
710,588,Power Supply,2024-03-19,2024-03-20 13:56:24,37.94,5338.19,Resolved
711,588,Hardware,2024-05-23,2024-05-24 19:02:24,43.04,11406.32,Resolved
712,590,Power Supply,2024-12-27,2024-12-28 19:38:24,43.64,873.41,Resolved
713,590,Software,2023-03-20,2023-03-20 07:36:00,7.6,2300.64,Resolved
714,590,Cooling System,2023-03-20,2023-03-20 06:39:00,6.65,9475.8,Resolved
715,594,Software,2024-09-03,2024-09-04 05:54:36,29.91,7400.07,Resolved
716,594,Power Supply,2024-07-24,2024-07-24 09:31:48,9.53,2449.13,Resolved
717,598,Cooling System,2025-06-20,2025-06-20 16:35:24,16.59,2034.02,Resolved
718,598,Software,2025-06-13,2025-06-14 19:43:48,43.73,14193.51,Resolved
719,599,Software,2023-08-26,2023-08-28 17:00:00,65.0,2953.48,Resolved
720,600,Power Supply,2024-09-02,2024-09-02 20:02:24,20.04,1657.31,Resolved
721,600,Software,2023-07-17,2023-07-19 19:57:36,67.96,5983.35,Resolved
722,601,Cooling System,2025-11-25,2025-11-26 10:03:00,34.05,693.54,Resolved
723,604,Connector,2025-04-25,2025-04-25 10:45:00,10.75,14944.41,Resolved
724,604,Cooling System,2025-02-21,2025-02-22 14:06:00,38.1,5734.2,Resolved
725,606,Connector,2023-01-04,2023-01-05 03:39:00,27.65,1109.32,Resolved
726,606,Software,2023-04-02,2023-04-03 23:32:24,47.54,4005.65,Resolved
727,606,Cooling System,2025-02-01,2025-02-01 03:27:36,3.46,3975.36,Resolved
728,606,Power Supply,2023-03-26,2023-03-28 02:23:24,50.39,7552.78,Resolved
729,607,Power Supply,2024-09-17,2024-09-18 15:51:36,39.86,7704.81,Resolved
730,607,Power Supply,2025-06-28,2025-06-30 03:01:12,51.02,8824.85,Resolved
731,608,Cooling System,2025-10-28,2025-10-29 09:33:00,33.55,6392.0,Resolved
732,612,Cooling System,2024-06-11,2024-06-12 03:09:00,27.15,14880.51,Resolved
733,614,Cooling System,2023-05-05,2023-05-07 19:04:12,67.07,4753.8,Resolved
734,614,Hardware,2023-11-02,2023-11-03 01:41:24,25.69,10976.9,Resolved
735,616,Connector,2025-06-16,2025-06-16 23:46:12,23.77,11075.57,Resolved
736,616,Software,2024-05-27,2024-05-27 23:42:00,23.7,11272.81,Resolved
737,617,Connector,2025-08-27,2025-08-27 03:38:24,3.64,12413.22,Resolved
738,618,Connector,2023-09-03,2023-09-03 23:26:24,23.44,1413.79,Resolved
739,621,Connector,2024-01-09,2024-01-09 21:20:24,21.34,14737.33,Resolved
740,622,Cooling System,2025-02-04,2025-02-05 10:37:48,34.63,5571.71,Resolved
741,622,Power Supply,2023-06-16,2023-06-16 20:25:48,20.43,7981.73,Resolved
742,625,Power Supply,2023-05-22,2023-05-23 19:57:00,43.95,14394.95,Resolved
743,626,Software,2024-02-24,2024-02-26 01:07:48,49.13,5952.93,Resolved
744,628,Power Supply,2025-02-18,2025-02-20 11:22:48,59.38,901.26,Resolved
745,629,Software,2023-02-20,2023-02-21 12:12:00,36.2,14720.62,Resolved
746,629,Hardware,2025-12-29,2025-12-29 07:06:36,7.11,8360.11,Resolved
747,630,Power Supply,2025-11-30,2025-11-30 22:03:00,22.05,2517.23,Resolved
748,631,Hardware,2025-04-02,2025-04-02 09:06:00,9.1,13447.06,Resolved
749,631,Hardware,2024-11-27,2024-11-28 08:36:00,32.6,12883.79,Resolved
750,631,Hardware,2023-12-01,2023-12-01 09:22:12,9.37,6013.64,Resolved
751,632,Power Supply,2025-03-22,2025-03-22 03:10:12,3.17,2954.67,Resolved
752,636,Cooling System,2025-11-05,2025-11-07 10:04:12,58.07,4190.84,Resolved
753,638,Cooling System,2023-10-22,2023-10-24 17:46:48,65.78,13589.49,Resolved
754,641,Software,2024-06-16,2024-06-18 13:43:12,61.72,6284.59,Resolved
755,642,Software,2023-04-13,2023-04-14 09:27:00,33.45,14621.23,Resolved
756,642,Power Supply,2023-05-24,2023-05-26 02:28:12,50.47,12001.57,Resolved
757,643,Hardware,2025-09-09,2025-09-09 02:10:12,2.17,1413.19,Resolved
758,644,Cooling System,2025-10-17,2025-10-18 23:34:12,47.57,3699.51,Resolved
759,645,Hardware,2025-06-29,2025-06-30 04:07:48,28.13,6031.02,Resolved
760,648,Software,2023-09-10,2023-09-12 03:00:00,51.0,8651.83,Resolved
761,649,Connector,2023-06-18,2023-06-18 12:10:12,12.17,14181.75,Resolved
762,649,Power Supply,2023-06-12,2023-06-14 07:37:48,55.63,4639.87,Resolved
763,649,Connector,2024-12-22,2024-12-23 05:00:00,29.0,12398.63,Resolved
764,650,Software,2025-08-04,2025-08-06 09:49:48,57.83,2601.95,Resolved
765,650,Power Supply,2025-12-23,2025-12-23 20:42:00,20.7,12383.81,Resolved
766,652,Cooling System,2024-06-27,2024-06-29 20:36:36,68.61,3056.32,Resolved
767,652,Hardware,2024-08-17,2024-08-19 08:57:36,56.96,2778.19,Resolved
768,652,Connector,2024-06-11,2024-06-12 12:51:00,36.85,3208.96,Resolved
769,653,Connector,2023-01-03,2023-01-03 14:28:12,14.47,11460.33,Resolved
770,653,Cooling System,2025-06-21,2025-06-23 10:33:00,58.55,4380.76,Resolved
771,653,Cooling System,2023-11-26,2023-11-28 18:40:12,66.67,10461.91,Resolved
772,655,Connector,2024-03-04,2024-03-05 19:48:36,43.81,2975.14,Resolved
773,656,Power Supply,2025-02-05,2025-02-05 21:56:24,21.94,4588.43,Resolved
774,656,Power Supply,2024-01-23,2024-01-24 03:10:12,27.17,10807.83,Resolved
775,657,Power Supply,2024-11-14,2024-11-15 02:22:48,26.38,6612.15,Resolved
776,658,Power Supply,2025-11-13,2025-11-13 06:13:48,6.23,14584.04,Resolved
777,658,Power Supply,2023-12-09,2023-12-11 04:30:00,52.5,4834.23,Resolved
778,659,Connector,2024-08-07,2024-08-07 03:48:00,3.8,4176.27,Resolved
779,660,Cooling System,2025-03-31,2025-03-31 23:19:48,23.33,4539.97,Resolved
780,660,Connector,2023-03-09,2023-03-10 19:10:12,43.17,12076.72,Resolved
781,661,Power Supply,2025-11-02,2025-11-03 16:49:48,40.83,12884.73,Resolved
782,661,Connector,2024-09-28,2024-09-30 04:54:00,52.9,3889.62,Resolved
783,661,Connector,2025-07-30,2025-07-30 12:53:24,12.89,5758.25,Resolved
784,662,Software,2025-08-04,2025-08-05 20:09:36,44.16,1035.46,Resolved
785,662,Connector,2023-06-29,2023-06-29 03:31:12,3.52,11519.79,Resolved
786,662,Cooling System,2024-05-25,2024-05-25 20:52:12,20.87,11326.53,Resolved
787,663,Hardware,2023-02-26,2023-02-27 13:47:24,37.79,6089.06,Resolved
788,664,Connector,2023-11-16,2023-11-18 23:34:48,71.58,6390.11,Resolved
789,665,Cooling System,2025-03-01,2025-03-02 14:15:36,38.26,5088.43,Resolved
790,665,Software,2024-10-13,2024-10-14 01:13:48,25.23,11253.65,Resolved
791,666,Connector,2024-01-25,2024-01-25 23:39:36,23.66,9201.83,Resolved
792,667,Power Supply,2023-09-06,2023-09-06 14:55:48,14.93,4702.37,Resolved
793,667,Software,2024-03-20,2024-03-21 12:42:00,36.7,9109.15,Resolved
794,668,Power Supply,2024-12-30,2025-01-01 14:24:00,62.4,10970.96,Resolved
795,668,Connector,2025-12-06,2025-12-07 23:07:48,47.13,14011.89,Resolved
796,670,Cooling System,2023-01-16,2023-01-16 03:07:48,3.13,12685.79,Resolved
797,670,Power Supply,2024-07-16,2024-07-16 08:16:12,8.27,9438.37,Resolved
798,670,Cooling System,2025-02-16,2025-02-17 12:12:00,36.2,765.74,Resolved
799,671,Connector,2023-10-17,2023-10-19 03:58:12,51.97,13111.58,Resolved
800,671,Hardware,2025-05-23,2025-05-23 19:36:36,19.61,6769.89,Resolved
801,671,Hardware,2023-12-31,2024-01-01 11:17:24,35.29,8018.92,Resolved
802,672,Cooling System,2025-06-15,2025-06-17 22:35:24,70.59,6819.93,Resolved
803,672,Connector,2024-02-19,2024-02-19 03:09:00,3.15,7464.8,Resolved
804,672,Power Supply,2023-08-14,2023-08-15 16:42:36,40.71,2531.29,Resolved
805,673,Cooling System,2025-12-08,2025-12-09 22:47:24,46.79,5545.16,Resolved
806,674,Connector,2024-02-08,2024-02-09 04:51:36,28.86,11579.74,Resolved
807,674,Hardware,2024-08-13,2024-08-15 23:26:24,71.44,12899.09,Resolved
808,674,Cooling System,2025-01-24,2025-01-26 13:01:12,61.02,9983.4,Resolved
809,675,Cooling System,2023-11-25,2023-11-27 10:21:36,58.36,5608.34,Resolved
810,675,Software,2025-10-11,2025-10-12 13:04:12,37.07,13395.04,Resolved
811,676,Connector,2023-08-15,2023-08-17 17:37:12,65.62,9773.69,Resolved
812,676,Cooling System,2024-01-23,2024-01-25 01:21:00,49.35,2194.61,Resolved
813,676,Hardware,2023-06-19,2023-06-19 14:01:48,14.03,4728.5,Resolved
814,677,Cooling System,2025-07-17,2025-07-18 08:33:36,32.56,11770.69,Resolved
815,680,Hardware,2025-09-23,2025-09-24 09:04:48,33.08,6650.1,Resolved
816,683,Software,2025-09-09,2025-09-10 04:07:12,28.12,4810.95,Resolved
817,683,Cooling System,2023-03-28,2023-03-29 07:03:00,31.05,6555.67,Resolved
818,684,Connector,2024-04-20,2024-04-22 00:29:24,48.49,6952.97,Resolved
819,685,Power Supply,2025-09-04,2025-09-04 07:11:24,7.19,5129.21,Resolved
820,686,Connector,2025-06-21,2025-06-22 00:26:24,24.44,8025.27,Resolved
821,687,Hardware,2025-11-14,2025-11-14 10:01:48,10.03,11846.62,Resolved
822,687,Power Supply,2023-06-14,2023-06-16 15:37:48,63.63,13640.77,Resolved
823,688,Hardware,2023-07-08,2023-07-08 13:59:24,13.99,12977.82,Resolved
824,689,Connector,2025-05-14,2025-05-15 04:39:00,28.65,5084.92,Resolved
825,689,Connector,2025-07-22,2025-07-22 14:31:48,14.53,7838.53,Resolved
826,689,Software,2025-09-10,2025-09-10 03:55:48,3.93,6798.01,Resolved
827,690,Software,2023-12-04,2023-12-06 11:58:12,59.97,5639.26,Resolved
828,692,Hardware,2024-11-30,2024-11-30 19:21:36,19.36,10046.77,Resolved
829,692,Cooling System,2023-04-11,2023-04-12 16:18:00,40.3,14367.83,Resolved
830,693,Connector,2024-07-13,2024-07-14 14:39:00,38.65,3051.03,Resolved
831,693,Power Supply,2025-09-30,2025-09-30 04:33:00,4.55,2680.53,Resolved
832,694,Power Supply,2024-09-15,2024-09-17 09:09:36,57.16,7257.11,Resolved
833,695,Cooling System,2024-10-22,2024-10-22 14:30:00,14.5,6654.48,Resolved
834,695,Software,2025-02-18,2025-02-18 07:03:00,7.05,7039.65,Resolved
835,696,Cooling System,2024-09-24,2024-09-25 14:22:48,38.38,8833.89,Resolved
836,697,Power Supply,2025-05-19,2025-05-20 21:54:36,45.91,11091.87,Resolved
837,697,Hardware,2024-11-02,2024-11-02 02:32:24,2.54,1665.23,Resolved
838,697,Software,2025-05-05,2025-05-07 21:48:00,69.8,3901.52,Resolved
839,698,Connector,2023-11-23,2023-11-24 18:34:12,42.57,1027.26,Resolved
840,698,Software,2023-11-21,2023-11-23 21:38:24,69.64,1770.52,Resolved
841,700,Connector,2025-05-10,2025-05-10 23:17:24,23.29,12537.87,Resolved
842,700,Hardware,2025-07-19,2025-07-20 01:51:00,25.85,1880.62,Resolved
843,700,Connector,2024-04-27,2024-04-28 09:01:12,33.02,9417.97,Resolved
844,700,Software,2025-01-19,2025-01-21 23:05:24,71.09,7262.67,Resolved
845,702,Power Supply,2025-01-09,2025-01-10 13:37:48,37.63,11910.97,Resolved
846,702,Cooling System,2023-12-11,2023-12-12 05:13:12,29.22,3927.15,Resolved
847,703,Software,2025-12-17,2025-12-17 22:06:00,22.1,14797.93,Resolved
848,704,Cooling System,2023-11-04,2023-11-05 12:49:12,36.82,8703.77,Resolved
849,704,Cooling System,2024-06-29,2024-07-01 18:52:48,66.88,14183.31,Resolved
850,704,Cooling System,2024-10-08,2024-10-09 12:25:12,36.42,3744.67,Resolved
851,704,Software,2024-02-12,2024-02-14 11:46:12,59.77,14239.16,Resolved
852,706,Connector,2024-03-12,2024-03-14 16:35:24,64.59,4202.62,Resolved
853,706,Power Supply,2024-01-16,2024-01-16 16:03:00,16.05,7240.3,Resolved
854,706,Connector,2025-06-20,2025-06-20 10:28:12,10.47,5587.26,Resolved
855,707,Software,2024-05-18,2024-05-19 13:06:36,37.11,13481.77,Resolved
856,707,Power Supply,2023-03-09,2023-03-10 02:01:48,26.03,12484.21,Resolved
857,707,Hardware,2023-11-25,2023-11-27 00:32:24,48.54,12128.39,Resolved
858,707,Power Supply,2024-06-08,2024-06-10 23:52:48,71.88,1639.52,Resolved
859,710,Software,2024-06-16,2024-06-18 18:09:36,66.16,647.64,Resolved
860,711,Software,2024-08-13,2024-08-13 02:59:24,2.99,8595.52,Resolved
861,711,Connector,2025-08-23,2025-08-25 18:40:12,66.67,3482.55,Resolved
862,713,Software,2025-09-19,2025-09-20 01:58:12,25.97,13282.56,Resolved
863,713,Hardware,2023-09-21,2023-09-21 16:36:00,16.6,12956.88,Resolved
864,714,Cooling System,2024-12-02,2024-12-03 05:58:12,29.97,6500.65,Resolved
865,716,Power Supply,2025-01-04,2025-01-04 05:07:48,5.13,7308.67,Resolved
866,718,Connector,2024-05-15,2024-05-15 14:17:24,14.29,9487.88,Resolved
867,719,Power Supply,2025-04-04,2025-04-05 08:59:24,32.99,6824.85,Resolved
868,720,Power Supply,2025-09-29,2025-09-29 02:24:36,2.41,5963.22,Resolved
869,720,Software,2025-05-22,2025-05-23 20:48:00,44.8,11881.59,Resolved
870,720,Power Supply,2024-05-17,2024-05-19 17:25:48,65.43,1629.61,Resolved
871,720,Software,2023-06-11,2023-06-12 05:24:36,29.41,1947.2,Resolved
872,721,Power Supply,2023-01-27,2023-01-29 18:17:24,66.29,2561.47,Resolved
873,721,Software,2024-04-05,2024-04-05 20:20:24,20.34,12928.73,Resolved
874,721,Cooling System,2023-04-21,2023-04-22 11:27:00,35.45,8013.0,Resolved
875,722,Connector,2025-09-22,2025-09-23 21:43:48,45.73,14041.93,Resolved
876,724,Power Supply,2024-06-07,2024-06-09 01:48:00,49.8,14180.67,Resolved
877,724,Hardware,2023-05-21,2023-05-22 05:29:24,29.49,11888.28,Resolved
878,724,Software,2024-12-16,2024-12-18 06:37:12,54.62,6211.7,Resolved
879,724,Connector,2023-05-22,2023-05-24 01:50:24,49.84,7085.66,Resolved
880,725,Software,2023-09-08,2023-09-09 04:22:48,28.38,11044.99,Resolved
881,726,Connector,2024-08-22,2024-08-24 21:59:24,69.99,8235.03,Resolved
882,727,Power Supply,2023-01-01,2023-01-03 04:19:12,52.32,10067.64,Resolved
883,727,Connector,2024-10-16,2024-10-18 23:09:36,71.16,7646.44,Resolved
884,728,Connector,2024-11-25,2024-11-25 12:07:12,12.12,7959.46,Resolved
885,729,Hardware,2025-06-08,2025-06-10 00:30:36,48.51,14363.35,Resolved
886,729,Power Supply,2024-08-03,2024-08-03 16:49:12,16.82,860.4,Resolved
887,729,Software,2024-02-27,2024-02-28 22:29:24,46.49,11808.42,Resolved
888,730,Connector,2023-10-02,2023-10-03 16:44:24,40.74,10200.33,Resolved
889,731,Cooling System,2023-11-08,2023-11-08 22:40:12,22.67,14168.79,Resolved
890,731,Power Supply,2024-06-17,2024-06-19 22:44:24,70.74,7855.39,Resolved
891,731,Software,2024-05-30,2024-06-01 08:12:00,56.2,10765.82,Resolved
892,733,Power Supply,2025-03-27,2025-03-28 13:07:12,37.12,10015.7,Resolved
893,733,Cooling System,2023-06-01,2023-06-01 17:07:12,17.12,3379.98,Resolved
894,733,Hardware,2023-10-06,2023-10-07 08:19:12,32.32,9143.75,Resolved
895,733,Cooling System,2023-10-14,2023-10-15 19:21:36,43.36,2766.76,Resolved
896,734,Connector,2025-08-13,2025-08-14 11:42:36,35.71,2926.52,Resolved
897,734,Software,2023-04-13,2023-04-14 12:45:36,36.76,12145.22,Resolved
898,734,Software,2024-05-05,2024-05-05 04:13:48,4.23,11662.51,Resolved
899,734,Cooling System,2023-12-08,2023-12-09 05:30:00,29.5,1648.06,Resolved
900,735,Software,2025-11-03,2025-11-05 19:07:48,67.13,12641.66,Resolved
901,735,Hardware,2024-10-20,2024-10-20 05:46:48,5.78,5838.01,Resolved
902,737,Power Supply,2023-10-17,2023-10-19 08:38:24,56.64,10122.29,Resolved
903,737,Hardware,2023-08-12,2023-08-13 17:24:36,41.41,11187.35,Resolved
904,737,Hardware,2024-07-14,2024-07-15 21:06:00,45.1,6851.91,Resolved
905,739,Software,2025-03-09,2025-03-09 14:54:36,14.91,2177.57,Resolved
906,739,Connector,2023-08-11,2023-08-13 17:06:00,65.1,598.59,Resolved
907,740,Software,2025-08-20,2025-08-20 12:53:24,12.89,3978.96,Resolved
908,740,Software,2023-12-14,2023-12-15 10:40:12,34.67,6588.55,Resolved
909,740,Connector,2023-09-05,2023-09-05 11:24:00,11.4,554.37,Resolved
910,741,Connector,2025-07-05,2025-07-05 02:40:48,2.68,14997.23,Resolved
911,741,Hardware,2023-12-23,2023-12-24 15:37:12,39.62,2026.27,Resolved
912,743,Connector,2024-12-26,2024-12-26 09:12:36,9.21,6361.1,Resolved
913,746,Connector,2025-04-09,2025-04-10 11:19:48,35.33,5694.62,Resolved
914,747,Hardware,2024-12-07,2024-12-08 03:51:00,27.85,9701.25,Resolved
915,747,Software,2024-10-17,2024-10-19 19:31:12,67.52,4146.64,Resolved
916,747,Cooling System,2023-12-18,2023-12-20 15:52:48,63.88,14052.26,Resolved
917,747,Software,2025-09-30,2025-10-01 15:45:36,39.76,7371.48,Resolved
918,749,Cooling System,2024-04-21,2024-04-22 07:43:12,31.72,10725.88,Resolved
919,749,Software,2023-01-21,2023-01-22 01:13:12,25.22,14243.42,Resolved
920,751,Connector,2024-11-16,2024-11-16 07:00:36,7.01,12571.29,Resolved
921,751,Hardware,2023-04-06,2023-04-07 18:50:24,42.84,5888.11,Resolved
922,752,Hardware,2025-07-30,2025-07-31 03:59:24,27.99,3710.66,Resolved
923,752,Connector,2023-08-30,2023-08-31 07:52:48,31.88,12329.63,Resolved
924,755,Connector,2024-04-11,2024-04-12 17:39:00,41.65,11805.08,Resolved
925,756,Cooling System,2024-04-05,2024-04-06 15:30:36,39.51,530.78,Resolved
926,757,Connector,2023-01-04,2023-01-06 12:10:12,60.17,14115.93,Resolved
927,758,Cooling System,2023-06-13,2023-06-14 01:26:24,25.44,11128.41,Resolved
928,760,Cooling System,2023-02-23,2023-02-25 02:55:12,50.92,4505.86,Resolved
929,761,Power Supply,2024-01-01,2024-01-01 23:04:48,23.08,4866.56,Resolved
930,761,Software,2024-07-23,2024-07-25 21:15:00,69.25,5443.26,Resolved
931,762,Connector,2023-11-13,2023-11-14 04:10:12,28.17,6781.46,Resolved
932,763,Power Supply,2025-07-12,2025-07-14 04:26:24,52.44,13020.55,Resolved
933,764,Software,2024-10-30,2024-10-31 19:54:00,43.9,10708.03,Resolved
934,764,Software,2024-02-08,2024-02-08 09:58:12,9.97,5357.67,Resolved
935,765,Cooling System,2023-06-11,2023-06-11 19:47:24,19.79,3966.36,Resolved
936,766,Hardware,2023-06-14,2023-06-15 00:31:48,24.53,10124.16,Resolved
937,766,Power Supply,2023-11-01,2023-11-03 04:24:36,52.41,7478.83,Resolved
938,766,Power Supply,2023-05-31,2023-06-01 23:36:36,47.61,12975.59,Resolved
939,767,Software,2023-03-18,2023-03-18 02:25:48,2.43,10235.95,Resolved
940,767,Software,2024-10-23,2024-10-24 00:15:00,24.25,5188.18,Resolved
941,767,Connector,2023-01-29,2023-01-31 15:40:48,63.68,9526.73,Resolved
942,767,Cooling System,2025-03-08,2025-03-10 03:23:24,51.39,4512.56,Resolved
943,768,Cooling System,2023-12-03,2023-12-03 16:31:12,16.52,8064.5,Resolved
944,768,Power Supply,2023-05-30,2023-05-31 23:13:12,47.22,1739.44,Resolved
945,769,Hardware,2023-04-24,2023-04-24 11:16:48,11.28,4797.29,Resolved
946,769,Connector,2024-07-07,2024-07-09 22:51:36,70.86,744.38,Resolved
947,769,Hardware,2025-11-05,2025-11-07 03:48:36,51.81,3620.05,Resolved
948,771,Hardware,2023-11-05,2023-11-06 21:15:36,45.26,3999.08,Resolved
949,771,Hardware,2025-08-06,2025-08-08 18:19:48,66.33,4392.68,Resolved
950,772,Cooling System,2023-11-26,2023-11-26 17:44:24,17.74,6329.7,Resolved
951,772,Software,2025-04-22,2025-04-22 21:15:00,21.25,5480.87,Resolved
952,773,Connector,2023-10-26,2023-10-26 13:34:48,13.58,8417.12,Resolved
953,773,Hardware,2025-11-11,2025-11-13 05:25:48,53.43,5419.01,Resolved
954,774,Connector,2025-03-07,2025-03-07 15:15:36,15.26,14940.27,Resolved
955,775,Cooling System,2025-10-17,2025-10-19 16:28:12,64.47,13398.56,Resolved
956,775,Cooling System,2024-09-16,2024-09-17 00:22:12,24.37,10512.62,Resolved
957,775,Software,2024-05-11,2024-05-13 20:34:12,68.57,11399.06,Resolved
958,780,Connector,2024-07-23,2024-07-25 13:27:36,61.46,12914.04,Resolved
959,780,Power Supply,2024-01-09,2024-01-11 14:51:36,62.86,11713.63,Resolved
960,781,Hardware,2024-10-10,2024-10-11 03:24:36,27.41,8387.02,Resolved
961,781,Cooling System,2023-02-27,2023-02-27 03:34:48,3.58,2092.71,Resolved
962,782,Hardware,2023-01-08,2023-01-09 15:21:00,39.35,7254.46,Resolved
963,782,Connector,2025-06-19,2025-06-20 04:06:36,28.11,10716.84,Resolved
964,782,Power Supply,2025-03-05,2025-03-06 06:52:12,30.87,4364.86,Resolved
965,783,Power Supply,2023-03-01,2023-03-03 16:23:24,64.39,597.03,Resolved
966,783,Power Supply,2024-05-14,2024-05-14 03:30:36,3.51,5030.2,Resolved
967,785,Hardware,2023-06-30,2023-07-01 03:17:24,27.29,11608.66,Resolved
968,785,Power Supply,2025-10-17,2025-10-18 10:51:00,34.85,3086.15,Resolved
969,787,Power Supply,2025-12-26,2025-12-27 23:36:00,47.6,14499.75,Resolved
970,791,Connector,2024-12-22,2024-12-24 15:01:48,63.03,3917.71,Resolved
971,791,Cooling System,2025-03-31,2025-03-31 23:28:48,23.48,6539.21,Resolved
972,791,Power Supply,2025-04-30,2025-05-01 10:22:12,34.37,11420.19,Resolved
973,791,Power Supply,2023-09-15,2023-09-17 05:04:48,53.08,12734.01,Resolved
974,793,Software,2023-11-28,2023-11-30 04:51:00,52.85,3154.8,Resolved
975,794,Hardware,2023-03-11,2023-03-12 20:50:24,44.84,13891.23,Resolved
976,794,Connector,2023-03-25,2023-03-25 05:09:00,5.15,12785.47,Resolved
977,795,Software,2025-09-19,2025-09-21 21:47:24,69.79,13440.34,Resolved
978,796,Connector,2025-07-12,2025-07-14 09:18:00,57.3,11066.21,Resolved
979,797,Cooling System,2025-09-10,2025-09-10 08:20:24,8.34,3007.25,Resolved
980,797,Hardware,2024-03-30,2024-03-31 06:10:12,30.17,11359.82,Resolved
981,797,Software,2023-11-14,2023-11-16 06:15:36,54.26,14012.86,Resolved
982,798,Software,2023-07-08,2023-07-10 11:45:36,59.76,10801.04,Resolved
983,798,Power Supply,2024-04-28,2024-04-30 19:40:48,67.68,13488.42,Resolved
984,799,Power Supply,2025-01-24,2025-01-24 16:17:24,16.29,13332.3,Resolved
985,802,Connector,2024-02-11,2024-02-13 11:17:24,59.29,9373.12,Resolved
986,802,Power Supply,2024-08-20,2024-08-22 04:51:00,52.85,900.62,Resolved
987,802,Connector,2024-04-25,2024-04-25 07:04:12,7.07,5055.52,Resolved
988,802,Hardware,2023-06-04,2023-06-06 02:21:36,50.36,2052.61,Resolved
989,803,Power Supply,2023-12-26,2023-12-27 21:55:48,45.93,14533.69,Resolved
990,803,Connector,2024-04-28,2024-04-29 05:34:12,29.57,12418.29,Resolved
991,803,Software,2023-09-03,2023-09-05 05:12:00,53.2,14801.46,Resolved
992,804,Connector,2025-12-01,2025-12-02 01:04:12,25.07,3485.35,Resolved
993,804,Software,2024-11-18,2024-11-20 16:45:00,64.75,4110.07,Resolved
994,805,Software,2025-07-13,2025-07-13 10:13:48,10.23,11218.84,Resolved
995,807,Software,2023-09-22,2023-09-23 01:54:00,25.9,3757.84,Resolved
996,807,Connector,2025-03-12,2025-03-14 04:21:36,52.36,9156.13,Resolved
997,809,Software,2025-02-01,2025-02-03 05:09:36,53.16,6402.6,Resolved
998,809,Cooling System,2024-01-25,2024-01-27 10:13:48,58.23,1753.99,Resolved
999,811,Hardware,2025-05-05,2025-05-06 09:28:48,33.48,12205.25,Resolved
1000,811,Software,2024-09-17,2024-09-18 19:49:48,43.83,6032.86,Resolved
1001,812,Connector,2025-02-15,2025-02-15 14:43:48,14.73,1385.8,Resolved
1002,812,Power Supply,2023-12-03,2023-12-05 14:53:24,62.89,3417.77,Resolved
1003,813,Connector,2025-08-06,2025-08-07 16:38:24,40.64,2511.67,Resolved
1004,814,Hardware,2024-07-23,2024-07-23 17:38:24,17.64,6022.11,Resolved
1005,816,Power Supply,2025-05-09,2025-05-10 10:38:24,34.64,888.14,Resolved
1006,816,Software,2023-04-19,2023-04-21 19:23:24,67.39,785.79,Resolved
1007,816,Connector,2024-04-28,2024-04-28 08:46:48,8.78,12236.45,Resolved
1008,820,Connector,2024-08-22,2024-08-23 18:51:00,42.85,2746.08,Resolved
1009,820,Connector,2024-05-13,2024-05-14 06:33:36,30.56,6127.31,Resolved
1010,822,Cooling System,2024-08-17,2024-08-18 05:28:48,29.48,10409.1,Resolved
1011,822,Power Supply,2024-10-16,2024-10-16 03:29:24,3.49,11162.85,Resolved
1012,823,Hardware,2023-09-06,2023-09-07 10:21:36,34.36,7686.35,Resolved
1013,824,Connector,2023-09-23,2023-09-23 22:19:48,22.33,7117.17,Resolved
1014,825,Power Supply,2025-10-29,2025-10-31 18:21:36,66.36,7993.96,Resolved
1015,825,Software,2025-06-27,2025-06-27 12:21:36,12.36,6717.48,Resolved
1016,826,Hardware,2023-03-25,2023-03-25 19:36:00,19.6,673.54,Resolved
1017,827,Cooling System,2023-09-04,2023-09-06 22:06:36,70.11,4208.22,Resolved
1018,828,Hardware,2024-02-23,2024-02-23 22:15:36,22.26,5058.82,Resolved
1019,830,Hardware,2025-05-15,2025-05-15 02:04:12,2.07,13259.79,Resolved
1020,833,Software,2023-01-17,2023-01-19 01:39:00,49.65,11580.18,Resolved
1021,834,Connector,2025-08-29,2025-08-30 05:43:12,29.72,3375.18,Resolved
1022,834,Cooling System,2023-06-02,2023-06-03 18:56:24,42.94,1454.15,Resolved
1023,834,Connector,2025-01-08,2025-01-10 12:16:12,60.27,14312.81,Resolved
1024,834,Software,2023-05-11,2023-05-12 11:48:36,35.81,6167.8,Resolved
1025,836,Hardware,2025-12-14,2025-12-15 14:11:24,38.19,9463.4,Resolved
1026,836,Connector,2023-05-06,2023-05-08 23:54:00,71.9,14375.03,Resolved
1027,837,Software,2024-10-20,2024-10-21 19:23:24,43.39,2725.17,Resolved
1028,837,Hardware,2024-05-15,2024-05-17 06:21:00,54.35,2011.03,Resolved
1029,837,Power Supply,2023-04-19,2023-04-19 08:16:48,8.28,9245.98,Resolved
1030,837,Cooling System,2025-08-23,2025-08-25 15:40:12,63.67,5086.25,Resolved
1031,838,Connector,2025-03-20,2025-03-20 22:54:00,22.9,3531.16,Resolved
1032,839,Connector,2023-12-07,2023-12-07 04:34:48,4.58,10940.57,Resolved
1033,841,Power Supply,2024-06-30,2024-07-02 05:46:12,53.77,14239.46,Resolved
1034,841,Hardware,2023-11-10,2023-11-10 19:30:36,19.51,5227.37,Resolved
1035,841,Software,2023-01-28,2023-01-28 02:26:24,2.44,6298.36,Resolved
1036,841,Power Supply,2023-09-17,2023-09-18 03:43:48,27.73,1658.95,Resolved
1037,843,Software,2024-11-11,2024-11-12 02:01:12,26.02,3192.42,Resolved
1038,843,Connector,2023-01-24,2023-01-25 14:52:48,38.88,11900.24,Resolved
1039,844,Cooling System,2023-03-03,2023-03-04 16:07:48,40.13,12051.25,Resolved
1040,845,Software,2024-08-08,2024-08-09 00:31:48,24.53,9390.11,Resolved
1041,847,Connector,2024-02-19,2024-02-19 09:49:12,9.82,8548.18,Resolved
1042,847,Hardware,2023-02-06,2023-02-07 15:39:00,39.65,9464.39,Resolved
1043,848,Power Supply,2023-08-11,2023-08-13 22:54:36,70.91,6336.02,Resolved
1044,849,Software,2025-08-04,2025-08-05 20:12:00,44.2,1498.84,Resolved
1045,850,Software,2025-11-17,2025-11-18 02:30:36,26.51,11838.68,Resolved
1046,850,Cooling System,2024-12-23,2024-12-23 05:36:00,5.6,10655.61,Resolved
1047,851,Connector,2023-05-01,2023-05-02 13:05:24,37.09,3559.15,Resolved
1048,851,Connector,2025-01-24,2025-01-25 10:55:48,34.93,5191.58,Resolved
1049,851,Power Supply,2025-08-13,2025-08-14 05:30:00,29.5,3167.99,Resolved
1050,852,Power Supply,2025-06-22,2025-06-24 19:49:48,67.83,4212.75,Resolved
1051,853,Power Supply,2023-06-26,2023-06-27 01:31:12,25.52,10846.67,Resolved
1052,853,Connector,2024-02-23,2024-02-25 22:31:48,70.53,14058.94,Resolved
1053,854,Hardware,2024-09-19,2024-09-19 07:41:24,7.69,14389.28,Resolved
1054,854,Hardware,2023-11-23,2023-11-23 06:55:12,6.92,5402.64,Resolved
1055,855,Software,2025-05-14,2025-05-14 14:18:36,14.31,1381.33,Resolved
1056,856,Power Supply,2023-03-04,2023-03-05 02:21:36,26.36,654.59,Resolved
1057,857,Connector,2024-12-12,2024-12-14 18:46:12,66.77,4067.47,Resolved
1058,857,Software,2023-10-22,2023-10-24 16:43:48,64.73,1479.13,Resolved
1059,858,Connector,2024-09-17,2024-09-18 13:51:36,37.86,7579.97,Resolved
1060,859,Software,2025-07-05,2025-07-06 22:11:24,46.19,8404.69,Resolved
1061,861,Power Supply,2025-07-31,2025-08-02 08:15:00,56.25,7994.29,Resolved
1062,863,Power Supply,2023-03-19,2023-03-21 15:30:00,63.5,14765.44,Resolved
1063,863,Cooling System,2023-10-17,2023-10-17 13:27:00,13.45,2640.85,Resolved
1064,863,Hardware,2023-01-25,2023-01-26 18:07:12,42.12,8180.22,Resolved
1065,865,Hardware,2023-01-26,2023-01-28 02:21:36,50.36,1084.71,Resolved
1066,865,Cooling System,2023-01-13,2023-01-13 11:55:12,11.92,10430.58,Resolved
1067,869,Software,2025-01-21,2025-01-21 04:58:12,4.97,11966.42,Resolved
1068,869,Hardware,2023-12-25,2023-12-25 09:13:12,9.22,1952.82,Resolved
1069,870,Cooling System,2024-08-14,2024-08-16 17:36:00,65.6,5116.94,Resolved
1070,873,Cooling System,2024-12-24,2024-12-26 12:13:48,60.23,7176.95,Resolved
1071,873,Cooling System,2025-10-26,2025-10-28 04:09:00,52.15,14660.89,Resolved
1072,873,Power Supply,2025-03-17,2025-03-19 01:51:00,49.85,8126.62,Resolved
1073,873,Connector,2025-02-13,2025-02-14 11:37:48,35.63,14643.62,Resolved
1074,874,Connector,2024-03-08,2024-03-09 09:25:48,33.43,7179.41,Resolved
1075,875,Power Supply,2023-05-30,2023-06-01 23:54:36,71.91,11285.43,Resolved
1076,875,Power Supply,2024-01-13,2024-01-15 07:00:36,55.01,12618.77,Resolved
1077,876,Cooling System,2025-12-16,2025-12-17 08:28:12,32.47,12092.43,Resolved
1078,876,Power Supply,2024-07-01,2024-07-02 21:54:36,45.91,2156.73,Resolved
1079,876,Hardware,2025-02-18,2025-02-19 11:22:12,35.37,3240.2,Resolved
1080,876,Software,2025-03-09,2025-03-09 12:13:48,12.23,6746.94,Resolved
1081,877,Power Supply,2025-11-04,2025-11-05 20:28:12,44.47,4247.76,Resolved
1082,877,Power Supply,2025-12-09,2025-12-10 20:45:36,44.76,6978.83,Resolved
1083,879,Hardware,2024-12-25,2024-12-27 08:40:12,56.67,6280.25,Resolved
1084,879,Hardware,2023-07-04,2023-07-04 05:27:00,5.45,12319.35,Resolved
1085,879,Power Supply,2023-12-15,2023-12-16 10:12:00,34.2,7098.22,Resolved
1086,881,Cooling System,2024-03-16,2024-03-18 15:07:48,63.13,6604.79,Resolved
1087,882,Cooling System,2023-08-14,2023-08-15 09:51:36,33.86,9608.9,Resolved
1088,886,Cooling System,2024-01-04,2024-01-05 21:46:48,45.78,13311.0,Resolved
1089,886,Connector,2024-09-16,2024-09-18 05:18:36,53.31,10355.81,Resolved
1090,889,Software,2025-02-23,2025-02-23 23:32:24,23.54,14726.2,Resolved
1091,889,Cooling System,2023-08-12,2023-08-14 08:35:24,56.59,4394.66,Resolved
1092,890,Software,2023-01-07,2023-01-09 09:22:48,57.38,5949.5,Resolved
1093,893,Power Supply,2025-01-19,2025-01-19 19:28:48,19.48,1224.52,Resolved
1094,893,Hardware,2024-04-30,2024-05-02 10:35:24,58.59,14123.21,Resolved
1095,893,Power Supply,2025-08-02,2025-08-02 21:22:48,21.38,3863.79,Resolved
1096,894,Hardware,2025-06-26,2025-06-26 22:23:24,22.39,9357.45,Resolved
1097,895,Power Supply,2023-04-21,2023-04-22 23:59:24,47.99,3412.26,Resolved
1098,895,Software,2024-03-11,2024-03-11 11:12:00,11.2,8190.71,Resolved
1099,896,Cooling System,2023-02-24,2023-02-25 23:22:12,47.37,10270.33,Resolved
1100,897,Software,2025-03-10,2025-03-12 13:55:48,61.93,14153.43,Resolved
1101,897,Software,2023-09-06,2023-09-06 19:01:12,19.02,14350.01,Resolved
1102,897,Hardware,2025-09-25,2025-09-25 13:31:12,13.52,5782.89,Resolved
1103,898,Power Supply,2023-10-06,2023-10-08 14:42:00,62.7,3791.68,Resolved
1104,901,Power Supply,2025-03-31,2025-04-02 15:21:00,63.35,1493.41,Resolved
1105,902,Hardware,2025-11-11,2025-11-11 14:04:12,14.07,6736.93,Resolved
1106,902,Hardware,2025-03-22,2025-03-24 11:44:24,59.74,10520.26,Resolved
1107,902,Software,2025-06-22,2025-06-22 18:47:24,18.79,4649.82,Resolved
1108,904,Hardware,2025-09-13,2025-09-14 01:03:36,25.06,13815.27,Resolved
1109,906,Cooling System,2023-08-30,2023-09-01 10:18:36,58.31,805.99,Resolved
1110,906,Software,2023-08-04,2023-08-06 19:19:12,67.32,3383.77,Resolved
1111,908,Power Supply,2023-03-25,2023-03-25 22:52:12,22.87,2791.55,Resolved
1112,909,Power Supply,2024-12-14,2024-12-16 22:55:48,70.93,5995.02,Resolved
1113,911,Hardware,2024-09-06,2024-09-07 15:54:00,39.9,5427.84,Resolved
1114,912,Connector,2025-12-09,2025-12-11 05:11:24,53.19,4921.26,Resolved
1115,912,Software,2023-05-02,2023-05-03 09:09:36,33.16,1078.55,Resolved
1116,912,Cooling System,2023-07-17,2023-07-18 06:27:00,30.45,759.23,Resolved
1117,914,Connector,2024-06-17,2024-06-17 12:42:00,12.7,11584.71,Resolved
1118,914,Cooling System,2023-03-20,2023-03-22 13:10:48,61.18,6275.85,Resolved
1119,916,Power Supply,2023-06-29,2023-06-29 20:13:48,20.23,7122.08,Resolved
1120,916,Hardware,2024-06-04,2024-06-05 08:11:24,32.19,5648.1,Resolved
1121,918,Software,2024-01-11,2024-01-12 12:39:36,36.66,2028.24,Resolved
1122,920,Hardware,2025-07-21,2025-07-23 10:12:00,58.2,13533.89,Resolved
1123,922,Cooling System,2025-11-11,2025-11-12 12:24:00,36.4,4619.6,Resolved
1124,923,Cooling System,2025-03-04,2025-03-04 17:24:36,17.41,6753.11,Resolved
1125,923,Software,2025-05-30,2025-05-31 12:07:12,36.12,13379.81,Resolved
1126,923,Connector,2025-03-07,2025-03-07 14:57:00,14.95,14985.21,Resolved
1127,923,Connector,2025-10-13,2025-10-15 04:21:00,52.35,8580.51,Resolved
1128,924,Software,2023-09-15,2023-09-17 23:54:36,71.91,12819.92,Resolved
1129,926,Connector,2025-08-31,2025-09-02 11:55:12,59.92,12314.21,Resolved
1130,926,Cooling System,2025-02-24,2025-02-26 21:51:00,69.85,3787.95,Resolved
1131,928,Power Supply,2023-07-25,2023-07-26 08:19:12,32.32,7712.35,Resolved
1132,931,Power Supply,2024-05-12,2024-05-13 07:53:24,31.89,14194.18,Resolved
1133,931,Software,2023-06-27,2023-06-28 11:33:00,35.55,10612.5,Resolved
1134,932,Hardware,2023-02-21,2023-02-23 11:56:24,59.94,11609.51,Resolved
1135,934,Cooling System,2024-07-20,2024-07-20 15:09:36,15.16,1298.91,Resolved
1136,935,Hardware,2025-03-12,2025-03-13 10:15:00,34.25,4977.71,Resolved
1137,935,Power Supply,2023-09-25,2023-09-26 21:52:48,45.88,2816.18,Resolved
1138,935,Software,2024-05-02,2024-05-04 02:17:24,50.29,13751.71,Resolved
1139,936,Connector,2023-03-17,2023-03-17 03:58:12,3.97,10897.28,Resolved
1140,938,Software,2025-12-21,2025-12-23 15:45:36,63.76,2702.53,Resolved
1141,939,Hardware,2025-05-10,2025-05-12 16:52:48,64.88,6898.66,Resolved
1142,942,Hardware,2025-09-21,2025-09-23 10:06:00,58.1,14398.87,Resolved
1143,942,Connector,2023-05-14,2023-05-14 09:52:12,9.87,14852.25,Resolved
1144,942,Hardware,2025-08-24,2025-08-25 18:34:12,42.57,4842.9,Resolved
1145,943,Power Supply,2023-03-06,2023-03-08 01:49:48,49.83,1724.7,Resolved
1146,943,Cooling System,2023-09-04,2023-09-05 18:20:24,42.34,14304.65,Resolved
1147,943,Connector,2024-08-15,2024-08-16 05:42:00,29.7,1952.76,Resolved
1148,944,Connector,2025-10-05,2025-10-07 18:37:48,66.63,14796.75,Resolved
1149,944,Connector,2023-10-11,2023-10-11 20:41:24,20.69,14170.27,Resolved
1150,945,Software,2023-11-12,2023-11-12 06:43:48,6.73,12949.5,Resolved
1151,945,Cooling System,2023-01-24,2023-01-26 01:54:36,49.91,10937.68,Resolved
1152,946,Cooling System,2023-10-06,2023-10-06 04:52:48,4.88,3124.04,Resolved
1153,946,Software,2025-12-27,2025-12-29 12:31:48,60.53,11304.91,Resolved
1154,946,Software,2024-12-11,2024-12-11 20:52:48,20.88,2366.25,Resolved
1155,948,Software,2023-11-16,2023-11-16 02:49:48,2.83,1375.27,Resolved
1156,949,Software,2023-12-03,2023-12-03 04:52:12,4.87,11063.08,Resolved
1157,949,Cooling System,2025-03-06,2025-03-07 08:30:00,32.5,4806.61,Resolved
1158,949,Power Supply,2025-11-26,2025-11-27 03:50:24,27.84,7333.64,Resolved
1159,950,Hardware,2024-08-14,2024-08-14 22:15:36,22.26,8070.68,Resolved
1160,950,Hardware,2025-11-09,2025-11-11 14:00:00,62.0,2118.91,Resolved
1161,950,Software,2024-11-13,2024-11-15 02:45:00,50.75,12555.06,Resolved
1162,951,Hardware,2023-08-30,2023-08-30 10:37:48,10.63,8682.78,Resolved
1163,952,Software,2024-02-04,2024-02-04 06:43:48,6.73,3163.23,Resolved
1164,952,Hardware,2025-07-11,2025-07-12 00:56:24,24.94,1540.9,Resolved
1165,952,Cooling System,2023-02-07,2023-02-09 17:31:48,65.53,14579.97,Resolved
1166,952,Hardware,2024-12-30,2024-12-31 05:05:24,29.09,11763.81,Resolved
1167,953,Connector,2024-05-30,2024-05-31 12:25:48,36.43,741.41,Resolved
1168,954,Power Supply,2025-05-09,2025-05-09 05:16:12,5.27,9530.25,Resolved
1169,954,Hardware,2023-09-27,2023-09-27 09:55:48,9.93,9022.6,Resolved
1170,957,Connector,2024-04-21,2024-04-22 15:48:00,39.8,5452.68,Resolved
1171,957,Software,2023-07-24,2023-07-25 10:43:12,34.72,6548.07,Resolved
1172,959,Cooling System,2024-08-22,2024-08-23 08:43:12,32.72,8834.65,Resolved
1173,960,Power Supply,2025-06-26,2025-06-28 03:37:48,51.63,9182.6,Resolved
1174,961,Hardware,2025-05-04,2025-05-05 16:13:12,40.22,1221.43,Resolved
1175,962,Cooling System,2025-10-21,2025-10-21 23:20:24,23.34,5334.41,Resolved
1176,963,Power Supply,2024-10-08,2024-10-10 05:16:12,53.27,5437.21,Resolved
1177,964,Power Supply,2025-02-03,2025-02-04 06:00:00,30.0,5615.85,Resolved
1178,968,Hardware,2023-09-25,2023-09-26 06:17:24,30.29,2935.33,Resolved
1179,968,Hardware,2025-09-09,2025-09-10 00:21:00,24.35,3542.43,Resolved
1180,968,Connector,2025-07-17,2025-07-18 05:54:36,29.91,4653.71,Resolved
1181,968,Cooling System,2025-09-14,2025-09-16 08:18:00,56.3,8353.86,Resolved
1182,971,Power Supply,2024-07-27,2024-07-29 07:30:00,55.5,9709.09,Resolved
1183,972,Power Supply,2024-06-26,2024-06-27 09:49:48,33.83,6063.09,Resolved
1184,973,Hardware,2023-01-04,2023-01-04 10:48:00,10.8,5807.81,Resolved
1185,973,Power Supply,2023-04-18,2023-04-20 04:30:36,52.51,10911.84,Resolved
1186,973,Power Supply,2024-02-07,2024-02-08 23:31:12,47.52,735.99,Resolved
1187,976,Connector,2025-12-17,2025-12-17 22:22:48,22.38,14987.83,Resolved
1188,977,Connector,2025-08-13,2025-08-14 00:00:00,24.0,9726.49,Resolved
1189,978,Connector,2023-02-23,2023-02-25 20:40:48,68.68,9612.11,Resolved
1190,979,Cooling System,2025-08-19,2025-08-21 05:23:24,53.39,4219.51,Resolved
1191,979,Cooling System,2025-07-27,2025-07-27 10:24:00,10.4,6088.18,Resolved
1192,980,Hardware,2024-04-10,2024-04-12 23:16:48,71.28,1439.43,Resolved
1193,980,Hardware,2024-04-22,2024-04-23 13:18:36,37.31,12883.63,Resolved
1194,981,Connector,2024-10-10,2024-10-10 22:15:00,22.25,6335.5,Resolved
1195,982,Hardware,2025-04-02,2025-04-03 01:42:36,25.71,8194.42,Resolved
1196,982,Connector,2025-02-03,2025-02-03 17:04:48,17.08,14384.88,Resolved
1197,982,Connector,2024-05-18,2024-05-18 03:52:48,3.88,13906.28,Resolved
1198,983,Software,2023-07-07,2023-07-09 13:15:00,61.25,10246.21,Resolved
1199,983,Power Supply,2023-09-19,2023-09-19 04:48:00,4.8,7571.59,Resolved
1200,983,Connector,2024-09-24,2024-09-24 13:21:00,13.35,1473.9,Resolved
1201,983,Power Supply,2023-08-06,2023-08-06 06:25:12,6.42,8494.75,Resolved
1202,984,Power Supply,2025-02-19,2025-02-21 08:55:12,56.92,12597.98,Resolved
1203,984,Software,2024-07-18,2024-07-18 07:29:24,7.49,7990.19,Resolved
1204,986,Cooling System,2023-06-13,2023-06-15 09:23:24,57.39,12059.88,Resolved
1205,986,Cooling System,2025-02-05,2025-02-07 20:09:00,68.15,9946.88,Resolved
1206,987,Software,2025-01-07,2025-01-08 09:54:36,33.91,2177.71,Resolved
1207,987,Connector,2025-02-08,2025-02-08 16:17:24,16.29,13657.13,Resolved
1208,989,Hardware,2023-02-15,2023-02-17 13:16:12,61.27,8992.79,Resolved
1209,990,Hardware,2023-10-01,2023-10-03 17:15:36,65.26,14582.73,Resolved
1210,990,Connector,2024-08-02,2024-08-02 20:48:00,20.8,7081.64,Resolved
1211,990,Power Supply,2023-11-23,2023-11-23 09:29:24,9.49,5562.1,Resolved
1212,991,Cooling System,2023-06-18,2023-06-20 20:06:00,68.1,3600.1,Resolved
1213,992,Hardware,2023-03-04,2023-03-04 07:55:48,7.93,7826.17,Resolved
1214,992,Power Supply,2024-02-10,2024-02-11 23:01:12,47.02,11653.46,Resolved
1215,992,Hardware,2025-12-28,2025-12-30 04:43:48,52.73,1453.48,Resolved
1216,993,Cooling System,2025-01-22,2025-01-24 19:54:00,67.9,6029.03,Resolved
1217,995,Connector,2025-01-14,2025-01-15 12:18:36,36.31,6305.72,Resolved
1218,995,Software,2024-05-15,2024-05-15 21:19:48,21.33,3100.24,Resolved
1219,996,Software,2023-08-23,2023-08-23 19:33:00,19.55,12688.42,Resolved
1220,997,Power Supply,2025-04-20,2025-04-21 17:26:24,41.44,11114.41,Resolved
1221,998,Connector,2024-12-15,2024-12-17 04:24:36,52.41,633.7,Resolved
1222,999,Power Supply,2024-03-04,2024-03-04 02:04:48,2.08,4853.19,Resolved
1223,1001,Connector,2025-12-28,2025-12-30 22:30:00,70.5,13867.34,Resolved
1224,1002,Connector,2023-05-14,2023-05-15 09:10:12,33.17,6093.13,Resolved
1225,1002,Software,2023-03-16,2023-03-17 17:28:48,41.48,3986.22,Resolved
1226,1003,Software,2024-03-01,2024-03-01 10:49:48,10.83,1645.33,Resolved
1227,1003,Hardware,2023-12-28,2023-12-29 08:24:00,32.4,12059.61,Resolved
1228,1003,Power Supply,2025-01-08,2025-01-10 17:55:48,65.93,7373.65,Resolved
1229,1003,Software,2023-05-22,2023-05-22 18:41:24,18.69,1367.11,Resolved
1230,1004,Cooling System,2023-04-21,2023-04-22 23:12:00,47.2,3578.57,Resolved
1231,1004,Connector,2024-05-21,2024-05-21 02:08:24,2.14,7510.53,Resolved
1232,1005,Hardware,2025-08-06,2025-08-08 08:12:36,56.21,6027.45,Resolved
1233,1005,Hardware,2025-05-02,2025-05-03 01:28:48,25.48,8642.63,Resolved
1234,1006,Power Supply,2024-11-04,2024-11-04 06:21:36,6.36,4699.03,Resolved
1235,1007,Power Supply,2024-10-09,2024-10-09 10:39:00,10.65,8327.21,Resolved
1236,1007,Power Supply,2023-12-10,2023-12-12 23:48:36,71.81,4836.99,Resolved
1237,1008,Cooling System,2024-04-29,2024-05-01 00:03:36,48.06,4006.31,Resolved
1238,1008,Cooling System,2025-05-29,2025-05-29 09:49:12,9.82,8629.05,Resolved
1239,1009,Cooling System,2024-06-10,2024-06-11 07:45:00,31.75,14977.33,Resolved
1240,1010,Software,2023-12-25,2023-12-25 20:48:00,20.8,11520.49,Resolved
1241,1010,Cooling System,2023-02-18,2023-02-19 16:57:00,40.95,14536.28,Resolved
1242,1011,Connector,2024-03-20,2024-03-20 22:07:12,22.12,2316.82,Resolved
1243,1012,Power Supply,2023-08-06,2023-08-07 08:46:48,32.78,9088.27,Resolved
1244,1012,Hardware,2023-11-02,2023-11-03 05:02:24,29.04,885.11,Resolved
1245,1012,Hardware,2023-03-25,2023-03-27 09:33:36,57.56,1866.11,Resolved
1246,1013,Software,2025-04-26,2025-04-28 04:48:00,52.8,11009.14,Resolved
1247,1013,Cooling System,2025-09-06,2025-09-08 12:01:48,60.03,8420.41,Resolved
1248,1014,Connector,2024-12-19,2024-12-19 12:39:36,12.66,4068.04,Resolved
1249,1014,Power Supply,2023-08-24,2023-08-24 12:21:36,12.36,13304.45,Resolved
1250,1016,Hardware,2024-12-07,2024-12-08 23:09:00,47.15,1301.2,Resolved
1251,1016,Cooling System,2024-09-14,2024-09-14 02:28:48,2.48,3876.12,Resolved
1252,1016,Cooling System,2023-08-23,2023-08-23 03:56:24,3.94,2228.7,Resolved
1253,1017,Software,2024-01-16,2024-01-17 12:15:00,36.25,12839.07,Resolved
1254,1018,Software,2023-12-30,2023-12-31 23:45:36,47.76,9054.89,Resolved
