station_id,location_id,station_name,opened_date,status,parking_slots
1,1,Delhi EV Hub 1,2022-09-09,Active,16
2,1,Delhi EV Hub 2,2022-04-26,Active,11
3,1,Delhi EV Hub 3,2021-02-08,Active,25
4,1,Delhi EV Hub 4,2022-10-04,Active,9
5,1,Delhi EV Hub 5,2022-12-02,Active,15
6,1,Delhi EV Hub 6,2021-08-02,Active,25
7,1,Delhi EV Hub 7,2022-06-12,Active,30
8,1,Delhi EV Hub 8,2021-06-22,Active,22
9,1,Delhi EV Hub 9,2021-05-08,Active,8
10,1,Delhi EV Hub 10,2022-07-22,Active,18
11,1,Delhi EV Hub 11,2022-03-23,Active,18
12,1,Delhi EV Hub 12,2022-09-19,Active,11
13,1,Delhi EV Hub 13,2021-12-30,Active,27
14,2,Mumbai EV Hub 14,2022-11-18,Active,25
15,2,Mumbai EV Hub 15,2022-08-27,Inactive,20
16,2,Mumbai EV Hub 16,2022-10-13,Active,28
17,2,Mumbai EV Hub 17,2021-04-08,Active,19
18,2,Mumbai EV Hub 18,2021-05-20,Active,10
19,2,Mumbai EV Hub 19,2022-11-16,Active,17
20,2,Mumbai EV Hub 20,2022-10-12,Active,11
21,2,Mumbai EV Hub 21,2021-12-08,Active,28
22,2,Mumbai EV Hub 22,2021-12-24,Active,19
23,2,Mumbai EV Hub 23,2022-06-01,Active,30
24,2,Mumbai EV Hub 24,2021-02-01,Active,27
25,2,Mumbai EV Hub 25,2021-03-22,Active,15
26,2,Mumbai EV Hub 26,2022-07-18,Active,16
27,2,Mumbai EV Hub 27,2021-03-17,Active,15
28,2,Mumbai EV Hub 28,2021-01-30,Active,9
29,2,Mumbai EV Hub 29,2022-05-12,Active,18
30,2,Mumbai EV Hub 30,2021-11-17,Active,14
31,2,Mumbai EV Hub 31,2021-05-31,Active,18
32,2,Mumbai EV Hub 32,2022-05-29,Active,20
33,2,Mumbai EV Hub 33,2021-03-14,Active,16
34,2,Mumbai EV Hub 34,2022-08-12,Active,25
35,2,Mumbai EV Hub 35,2021-06-29,Active,26
36,3,Bengaluru EV Hub 36,2021-05-14,Active,15
37,3,Bengaluru EV Hub 37,2022-08-13,Active,10
38,3,Bengaluru EV Hub 38,2022-11-14,Active,12
39,3,Bengaluru EV Hub 39,2021-03-30,Active,29
40,3,Bengaluru EV Hub 40,2021-10-26,Active,20
41,3,Bengaluru EV Hub 41,2021-12-07,Active,22
42,3,Bengaluru EV Hub 42,2021-07-09,Active,25
43,3,Bengaluru EV Hub 43,2022-12-21,Active,11
44,3,Bengaluru EV Hub 44,2021-02-02,Active,16
45,3,Bengaluru EV Hub 45,2021-03-16,Active,17
46,3,Bengaluru EV Hub 46,2021-10-13,Active,8
47,4,Hyderabad EV Hub 47,2021-08-07,Active,24
48,4,Hyderabad EV Hub 48,2022-09-15,Active,17
49,4,Hyderabad EV Hub 49,2021-03-18,Active,14
50,4,Hyderabad EV Hub 50,2022-07-29,Active,13
51,4,Hyderabad EV Hub 51,2021-06-28,Active,24
52,4,Hyderabad EV Hub 52,2023-01-01,Active,23
53,4,Hyderabad EV Hub 53,2022-12-13,Active,19
54,4,Hyderabad EV Hub 54,2022-02-21,Active,15
55,4,Hyderabad EV Hub 55,2021-05-31,Active,10
56,4,Hyderabad EV Hub 56,2021-08-22,Active,25
57,4,Hyderabad EV Hub 57,2022-08-26,Active,23
58,4,Hyderabad EV Hub 58,2021-06-18,Active,24
59,4,Hyderabad EV Hub 59,2021-04-20,Active,14
60,4,Hyderabad EV Hub 60,2021-06-28,Active,30
61,4,Hyderabad EV Hub 61,2022-06-10,Active,20
62,4,Hyderabad EV Hub 62,2021-02-13,Active,22
63,4,Hyderabad EV Hub 63,2021-07-21,Active,15
64,4,Hyderabad EV Hub 64,2022-05-16,Active,8
65,4,Hyderabad EV Hub 65,2021-05-09,Active,26
66,4,Hyderabad EV Hub 66,2022-05-21,Active,30
67,4,Hyderabad EV Hub 67,2021-03-26,Active,10
68,4,Hyderabad EV Hub 68,2022-11-30,Active,10
69,5,Pune EV Hub 69,2022-05-03,Active,23
70,5,Pune EV Hub 70,2022-05-27,Active,26
71,5,Pune EV Hub 71,2021-05-21,Active,23
72,5,Pune EV Hub 72,2021-11-11,Active,11
73,5,Pune EV Hub 73,2021-02-26,Active,21
74,5,Pune EV Hub 74,2021-11-07,Active,9
75,5,Pune EV Hub 75,2021-02-11,Active,28
76,5,Pune EV Hub 76,2022-09-23,Active,18
77,5,Pune EV Hub 77,2022-09-12,Active,14
78,5,Pune EV Hub 78,2021-07-01,Active,21
79,5,Pune EV Hub 79,2022-06-28,Active,15
80,5,Pune EV Hub 80,2022-10-16,Active,25
81,5,Pune EV Hub 81,2022-09-23,Active,25
82,5,Pune EV Hub 82,2022-12-17,Inactive,15
83,5,Pune EV Hub 83,2022-07-15,Active,23
84,5,Pune EV Hub 84,2022-05-28,Active,9
85,5,Pune EV Hub 85,2022-07-17,Active,20
86,5,Pune EV Hub 86,2022-04-05,Active,22
87,6,Chennai EV Hub 87,2021-10-25,Active,25
88,6,Chennai EV Hub 88,2021-02-23,Active,12
89,6,Chennai EV Hub 89,2022-06-21,Active,9
90,6,Chennai EV Hub 90,2021-05-18,Active,9
91,6,Chennai EV Hub 91,2022-02-14,Active,26
92,6,Chennai EV Hub 92,2021-08-31,Active,24
93,6,Chennai EV Hub 93,2022-07-24,Active,24
94,6,Chennai EV Hub 94,2022-10-11,Active,10
95,6,Chennai EV Hub 95,2021-05-02,Active,15
96,6,Chennai EV Hub 96,2021-11-14,Active,26
97,6,Chennai EV Hub 97,2022-04-24,Active,9
98,6,Chennai EV Hub 98,2021-04-07,Active,29
99,6,Chennai EV Hub 99,2021-05-14,Active,18
100,6,Chennai EV Hub 100,2022-04-09,Active,30
101,6,Chennai EV Hub 101,2022-02-14,Active,20
102,6,Chennai EV Hub 102,2022-08-20,Active,17
103,7,Kolkata EV Hub 103,2022-02-12,Active,10
104,7,Kolkata EV Hub 104,2022-12-23,Active,26
105,7,Kolkata EV Hub 105,2022-09-21,Active,14
106,7,Kolkata EV Hub 106,2021-08-01,Active,19
107,7,Kolkata EV Hub 107,2022-10-23,Active,19
108,7,Kolkata EV Hub 108,2022-03-16,Active,25
109,7,Kolkata EV Hub 109,2021-01-11,Active,28
110,7,Kolkata EV Hub 110,2021-07-09,Active,25
111,7,Kolkata EV Hub 111,2022-03-01,Active,11
112,7,Kolkata EV Hub 112,2022-08-17,Active,11
113,7,Kolkata EV Hub 113,2021-06-14,Active,17
114,7,Kolkata EV Hub 114,2021-04-22,Active,18
115,7,Kolkata EV Hub 115,2022-06-07,Active,16
116,7,Kolkata EV Hub 116,2021-08-02,Active,9
117,7,Kolkata EV Hub 117,2022-09-29,Active,16
118,7,Kolkata EV Hub 118,2022-11-17,Active,12
119,7,Kolkata EV Hub 119,2021-03-20,Inactive,13
120,7,Kolkata EV Hub 120,2021-10-06,Active,21
121,7,Kolkata EV Hub 121,2021-06-06,Active,10
122,7,Kolkata EV Hub 122,2021-01-24,Active,25
123,7,Kolkata EV Hub 123,2022-11-26,Active,26
124,7,Kolkata EV Hub 124,2021-06-15,Active,12
125,7,Kolkata EV Hub 125,2022-11-20,Active,9
126,7,Kolkata EV Hub 126,2021-12-31,Active,15
127,7,Kolkata EV Hub 127,2021-02-18,Active,25
128,8,Ahmedabad EV Hub 128,2021-04-06,Active,15
129,8,Ahmedabad EV Hub 129,2022-07-19,Inactive,13
130,8,Ahmedabad EV Hub 130,2021-11-05,Active,18
131,8,Ahmedabad EV Hub 131,2021-11-06,Active,15
132,8,Ahmedabad EV Hub 132,2022-04-03,Active,30
133,8,Ahmedabad EV Hub 133,2022-09-13,Active,9
134,8,Ahmedabad EV Hub 134,2021-09-07,Active,22
135,8,Ahmedabad EV Hub 135,2022-01-08,Active,15
136,8,Ahmedabad EV Hub 136,2022-05-18,Active,14
137,8,Ahmedabad EV Hub 137,2021-11-19,Active,10
138,8,Ahmedabad EV Hub 138,2022-03-22,Active,24
139,8,Ahmedabad EV Hub 139,2021-11-18,Active,25
140,8,Ahmedabad EV Hub 140,2022-01-27,Active,11
141,8,Ahmedabad EV Hub 141,2022-04-09,Active,16
142,8,Ahmedabad EV Hub 142,2022-11-23,Active,21
143,8,Ahmedabad EV Hub 143,2022-01-13,Active,18
144,8,Ahmedabad EV Hub 144,2021-10-12,Active,24
145,9,Jaipur EV Hub 145,2021-12-03,Active,14
146,9,Jaipur EV Hub 146,2022-04-16,Active,21
147,9,Jaipur EV Hub 147,2022-12-31,Active,25
148,9,Jaipur EV Hub 148,2021-01-28,Active,29
149,9,Jaipur EV Hub 149,2022-06-14,Active,10
150,9,Jaipur EV Hub 150,2021-02-20,Active,27
151,9,Jaipur EV Hub 151,2022-02-14,Active,11
152,9,Jaipur EV Hub 152,2022-02-28,Active,29
153,10,Indore EV Hub 153,2022-02-01,Active,17
154,10,Indore EV Hub 154,2021-06-13,Active,21
155,10,Indore EV Hub 155,2021-02-20,Active,29
156,10,Indore EV Hub 156,2022-07-07,Active,17
157,10,Indore EV Hub 157,2021-11-12,Active,8
158,10,Indore EV Hub 158,2022-02-24,Active,21
159,10,Indore EV Hub 159,2021-05-18,Active,18
160,10,Indore EV Hub 160,2021-09-12,Active,29
161,10,Indore EV Hub 161,2022-05-28,Active,13
162,10,Indore EV Hub 162,2021-02-26,Active,24
163,10,Indore EV Hub 163,2021-02-21,Active,18
164,11,Bhopal EV Hub 164,2022-05-06,Active,15
165,11,Bhopal EV Hub 165,2022-06-12,Active,9
166,11,Bhopal EV Hub 166,2022-04-26,Inactive,27
167,11,Bhopal EV Hub 167,2022-10-19,Active,28
168,11,Bhopal EV Hub 168,2021-05-22,Active,30
169,11,Bhopal EV Hub 169,2021-12-04,Active,15
170,11,Bhopal EV Hub 170,2022-08-03,Active,8
171,11,Bhopal EV Hub 171,2022-09-14,Active,15
172,12,Surat EV Hub 172,2021-01-19,Active,9
173,12,Surat EV Hub 173,2021-06-10,Active,11
174,12,Surat EV Hub 174,2021-09-21,Active,22
175,12,Surat EV Hub 175,2021-02-17,Active,25
176,12,Surat EV Hub 176,2021-05-02,Active,22
177,12,Surat EV Hub 177,2021-04-14,Active,24
178,12,Surat EV Hub 178,2021-10-22,Active,25
179,12,Surat EV Hub 179,2021-10-02,Active,23
180,12,Surat EV Hub 180,2021-09-28,Active,15
181,12,Surat EV Hub 181,2021-03-20,Active,24
182,12,Surat EV Hub 182,2021-08-23,Active,16
183,12,Surat EV Hub 183,2021-10-08,Active,17
184,12,Surat EV Hub 184,2022-05-06,Active,18
185,12,Surat EV Hub 185,2021-06-27,Active,12
186,12,Surat EV Hub 186,2022-05-10,Active,12
